Planning Area,Subzone,Total,0 - 4,5 - 9,10 - 14,15 - 19,20 - 24,25 - 29,30 - 34,35 - 39,40 - 44,45 - 49,50 - 54,55 - 59,60 - 64,65 & Over
,,Total (Number),,,,,,,,,,,,,,
Total,Total,"3,870,740","181,370","205,790","220,800","247,340","263,920","265,660","292,290","302,030","316,020","308,530","315,500","288,390","231,500","431,600"
Ang Mo Kio,Total,"178,260","7,150","8,080","8,760","9,600","10,550","11,460","13,250","13,640","14,140","13,530","14,340","13,840","12,910","27,000"
,Ang Mo Kio Town Centre,"4,970",260,290,300,300,250,290,380,450,490,390,370,310,290,620
,Cheng San,"30,400","1,310","1,260","1,380","1,450","1,610","1,930","2,690","2,500","2,540","2,290","2,390","2,320","2,290","4,430"
,Chong Boon,"28,660","1,010","1,150","1,250","1,440","1,530","1,890","2,210","2,210","2,120","2,180","2,290","2,290","2,200","4,880"
,Kebun Bahru,"24,530",820,"1,070","1,160","1,250","1,440","1,530","1,720","1,850","1,960","1,980","1,940","1,910","1,840","4,080"
,Sembawang Hills,"6,880",220,350,460,540,550,420,320,360,520,540,590,520,440,"1,030"
,Shangri-La,"19,190",820,870,930,"1,080","1,170","1,220","1,370","1,370","1,400","1,550","1,640","1,440","1,320","3,010"
,Tagore,"8,360",320,390,490,580,760,610,420,490,630,610,740,750,540,"1,040"
,Townsville,"24,160","1,190","1,100",970,"1,070","1,280","1,510","1,950","2,110","1,870","1,600","1,810","1,810","1,740","4,150"
,Yio Chu Kang,40,-,-,-,-,-,-,-,-,-,-,-,-,-,-
,Yio Chu Kang East,"4,200",160,200,250,330,340,280,250,240,320,280,370,390,290,510
,Yio Chu Kang North,-,-,-,-,-,-,-,-,-,-,-,-,-,-,-
,Yio Chu Kang West,"26,880","1,040","1,400","1,570","1,560","1,620","1,770","1,950","2,070","2,300","2,090","2,190","2,090","1,980","3,250"
Bedok,Total,"293,110","12,180","14,020","15,420","17,550","20,010","20,020","20,370","21,370","22,550","22,160","23,950","23,320","20,360","39,840"
,Bayshore,"7,430",450,530,450,380,350,320,550,790,920,730,540,410,370,650
,Bedok North,"88,230","3,540","3,920","4,570","5,100","5,870","5,830","6,430","6,510","6,520","6,730","7,450","6,930","6,340","12,510"
,Bedok Reservoir,"24,340","1,170","1,420","1,520","1,530","1,540","1,710","1,760","1,960","2,090","1,920","1,900","1,880","1,580","2,360"
,Bedok South,"52,300","2,140","2,440","2,650","3,150","3,500","3,520","3,390","3,530","3,860","3,950","4,200","4,160","3,760","8,060"
,Frankel,"33,110","1,580","2,030","1,780","1,970","2,020","1,880","2,030","2,720","3,100","2,600","2,410","2,220","2,100","4,680"
,Kaki Bukit,"41,890","1,600","1,860","2,250","2,860","3,460","3,480","3,020","2,790","2,820","2,900","3,760","3,780","2,900","4,410"
,Kembangan,"38,700","1,480","1,560","1,860","2,180","2,770","2,860","2,800","2,590","2,660","2,810","3,170","3,410","2,820","5,740"
,Siglap,"7,120",230,260,350,380,510,430,400,500,570,520,530,530,490,"1,430"
Bishan,Total,"91,920","3,590","4,500","4,890","5,880","6,960","6,340","5,890","6,290","7,290","7,050","7,820","7,710","6,280","11,450"
,Bishan East,"29,300","1,100","1,390","1,400","1,610","2,230","2,340","1,980","2,080","2,300","2,080","2,380","2,550","2,230","3,630"
,Marymount,"31,850","1,450","1,710","1,820","2,320","2,580","2,080","2,170","2,320","2,560","2,560","2,840","2,540","1,860","3,040"
,Upper Thomson,"30,780","1,030","1,400","1,670","1,960","2,150","1,920","1,740","1,890","2,430","2,420","2,600","2,620","2,180","4,780"
Boon Lay,Total,30,-,-,-,-,-,-,-,-,-,-,-,-,-,-
,Liu Fang,10,-,-,-,-,-,-,-,-,-,-,-,-,-,-
,Samulun,10,-,-,-,-,-,-,-,-,-,-,-,-,-,-
,Shipyard,-,-,-,-,-,-,-,-,-,-,-,-,-,-,-
,Tukang,10,-,-,-,-,-,-,-,-,-,-,-,-,-,-
Bukit Batok,Total,"141,560","5,870","7,290","8,490","9,450","10,180","10,750","10,310","10,500","11,270","11,670","12,500","11,720","8,690","12,880"
,Brickworks,-,-,-,-,-,-,-,-,-,-,-,-,-,-,-
,Bukit Batok Central,"26,500","1,150","1,390","1,560","1,570","1,820","2,110","1,980","1,950","2,080","2,100","2,150","2,230","1,720","2,670"
,Bukit Batok East,"14,930",550,730,770,860,"1,030","1,240","1,180","1,130","1,120","1,140","1,330","1,360","1,040","1,460"
,Bukit Batok South,"14,170",570,710,900,"1,220","1,180","1,140",990,920,"1,090","1,230","1,360","1,200",730,930
,Bukit Batok West,"15,570",600,840,920,"1,000","1,040","1,150","1,210","1,170","1,200","1,220","1,380","1,300","1,050","1,490"
,Gombak,"9,660",600,570,470,540,550,610,920,"1,010",710,660,680,650,560,"1,140"
,Guilin,"13,450",600,730,790,890,890,960,990,"1,120","1,220","1,200","1,190",960,760,"1,150"
,Hillview,"18,260",660,880,"1,340","1,590","1,440","1,090",900,"1,110","1,540","1,840","1,840","1,410","1,070","1,560"
,Hong Kah North,"29,010","1,140","1,440","1,720","1,780","2,230","2,440","2,150","2,080","2,310","2,280","2,590","2,610","1,760","2,480"
Bukit Merah,Total,"156,740","7,480","7,320","6,800","6,950","7,770","9,400","11,780","13,070","12,680","11,510","11,640","11,710","10,980","27,630"
,Alexandra Hill,"16,010",610,740,770,850,980,"1,040","1,000","1,040","1,150","1,180","1,290","1,250","1,210","2,900"
,Alexandra North,960,60,60,50,60,40,50,90,120,110,100,70,60,30,70
,Bukit Ho Swee,"16,440",770,620,610,670,790,"1,070","1,340","1,160","1,120","1,160","1,290","1,420","1,240","3,190"
,Bukit Merah,"1,210",50,60,60,70,70,80,80,90,100,90,90,90,100,200
,City Terminals,40,-,-,-,-,-,-,-,-,-,-,-,-,-,-
,Depot Road,"4,940",300,290,230,230,210,250,400,570,490,370,330,300,300,670
,Everton Park,"9,040",430,410,380,340,420,560,680,820,780,650,580,680,690,"1,610"
,Henderson Hill,"13,740",600,610,620,700,760,820,860,890,"1,020","1,050","1,090","1,020",940,"2,770"
,Kampong Tiong Bahru,"10,610",350,450,430,470,520,680,690,750,810,820,800,920,850,"2,080"
,Maritime Square,"2,410",180,140,120,90,90,90,230,300,280,240,220,150,110,170
,Redhill,"12,270",850,680,540,560,590,680,990,"1,260","1,000",930,890,810,670,"1,820"
,Singapore General Hospital,10,-,-,-,-,-,-,-,-,-,-,-,-,-,-
,Telok Blangah Drive,"16,250",690,710,740,710,800,"1,000","1,260","1,340","1,340","1,210","1,200","1,160","1,160","2,940"
,Telok Blangah Rise,"14,090",470,520,600,680,800,860,970,"1,090","1,130",960,990,"1,130","1,240","2,660"
,Telok Blangah Way,"10,850",500,500,420,450,500,570,730,880,890,780,900,880,820,"2,020"
,Tiong Bahru,"11,050",630,540,410,350,410,680,"1,010","1,200",920,750,710,750,750,"1,960"
,Tiong Bahru Station,"16,810","1,010","1,000",820,720,790,970,"1,460","1,560","1,540","1,210","1,200","1,110",870,"2,570"
Bukit Panjang,Total,"133,020","6,480","7,530","8,410","9,430","10,520","9,820","9,810","9,830","10,800","10,600","11,480","10,110","7,210","10,990"
,Bangkit,"24,710",900,"1,100","1,330","1,720","2,150","1,970","1,540","1,580","1,730","2,000","2,420","2,080","1,520","2,690"
,Dairy Farm,"4,490",160,240,310,320,390,320,230,280,370,380,420,390,290,400
,Fajar,"25,490","1,580","1,560","1,630","1,680","2,080","1,870","2,170","2,010","2,020","1,940","2,050","1,740","1,210","1,950"
,Jelebu,"34,380","1,350","1,730","2,120","2,590","2,850","2,560","2,170","2,350","2,770","2,930","3,120","2,770","2,050","3,030"
,Nature Reserve,"3,860",170,240,270,290,270,230,240,270,370,360,340,270,230,330
,Saujana,"21,940","1,030","1,310","1,430","1,690","1,720","1,740","1,760","1,580","1,780","1,620","1,900","1,790","1,180","1,420"
,Senja,"18,140","1,280","1,350","1,330","1,150","1,060","1,150","1,690","1,760","1,770","1,370","1,230","1,080",750,"1,170"
Bukit Timah,Total,"73,810","3,180","4,730","4,690","4,890","5,000","4,200","3,670","5,040","6,750","6,210","5,850","5,290","4,500","9,820"
,Anak Bukit,"22,300",820,"1,240","1,360","1,550","1,850","1,500","1,140","1,380","1,710","1,770","1,820","1,840","1,460","2,840"
,Coronation Road,"6,210",290,460,420,370,390,310,300,440,640,490,470,360,340,930
,Farrer Court,"3,680",180,190,200,190,200,200,210,240,310,270,300,270,260,670
,Hillcrest,"8,830",420,640,600,580,510,400,390,650,890,800,730,590,440,"1,190"
,Holland Road,"10,230",530,810,750,720,590,480,480,780,"1,110",920,800,640,530,"1,120"
,Leedon Park,"6,230",290,330,350,370,360,350,350,480,620,560,480,440,400,860
,Swiss Club,"5,520",210,370,360,380,370,310,290,360,510,500,430,370,340,730
,Ulu Pandan,"10,810",440,680,660,730,720,650,510,720,970,890,830,790,740,"1,480"
Central Water Catchment,Total,10,-,-,-,-,-,-,-,-,-,-,-,-,-,-
,Central Water Catchment,10,-,-,-,-,-,-,-,-,-,-,-,-,-,-
Changi,Total,"2,530",180,220,210,150,140,110,180,280,280,220,160,110,80,210
,Changi Airport,-,-,-,-,-,-,-,-,-,-,-,-,-,-,-
,Changi Point,790,20,30,40,40,40,40,40,60,60,80,80,70,60,140
,Changi West,"1,740",160,190,180,110,100,70,140,220,210,150,80,40,30,80
Changi Bay,Total,-,-,-,-,-,-,-,-,-,-,-,-,-,-,-
,Changi Bay,-,-,-,-,-,-,-,-,-,-,-,-,-,-,-
Choa Chu Kang,Total,"175,330","7,500","9,730","12,170","15,380","14,560","12,030","12,000","12,260","14,410","16,700","15,650","12,160","8,360","12,420"
,Choa Chu Kang Central,"20,940",810,"1,080","1,410","1,810","1,910","1,450","1,310","1,410","1,700","2,080","2,000","1,440","1,010","1,530"
,Choa Chu Kang North,"34,780","1,230","1,890","2,900","3,890","3,030","2,170","1,920","1,930","2,870","4,010","3,270","2,260","1,380","2,050"
,Keat Hong,"16,010",590,800,"1,090","1,540","1,510","1,050","1,020","1,060","1,230","1,540","1,530","1,170",780,"1,100"
,Peng Siang,"31,560","1,320","1,720","2,060","2,590","2,640","2,330","2,330","2,240","2,470","2,800","2,810","2,270","1,670","2,310"
,Teck Whye,"27,410","1,130","1,200","1,570","2,100","2,470","2,130","1,860","1,590","1,940","2,260","2,570","2,120","1,670","2,810"
,Yew Tee,"44,640","2,410","3,050","3,150","3,460","3,000","2,900","3,550","4,040","4,190","4,010","3,490","2,900","1,860","2,620"
Clementi,Total,"91,260","3,880","4,450","4,600","4,640","4,890","5,700","6,900","7,350","7,600","7,040","6,950","6,620","6,750","13,890"
,Clementi Central,"13,710",590,700,670,690,700,790,"1,110","1,150","1,190","1,030","1,020","1,000",960,"2,110"
,Clementi North,"28,050","1,020","1,140","1,230","1,250","1,330","1,710","2,110","2,310","2,280","2,040","2,070","2,040","2,300","5,240"
,Clementi West,"16,670",710,770,860,870,940,"1,050","1,380","1,290","1,380","1,330","1,320","1,310","1,280","2,180"
,Clementi Woods,"16,280",780,810,820,820,900,"1,170","1,300","1,290","1,260","1,240","1,290","1,120","1,120","2,370"
,Faber,"4,340",190,290,310,300,290,260,220,320,380,400,350,290,270,480
,Pandan,10,-,-,-,-,-,-,-,-,-,-,-,-,-,-
,Sunset Way,"6,390",250,280,330,390,410,440,410,400,480,530,510,510,520,950
,Toh Tuck,30,-,-,-,-,-,-,-,-,-,-,-,-,-,-
,West Coast,"5,780",350,470,390,330,330,290,360,580,630,480,390,340,300,560
Downtown Core,Total,"3,700",110,100,90,130,140,220,320,370,350,340,280,270,260,740
,Anson,40,-,-,-,-,-,-,-,-,-,-,-,-,-,-
,Bayfront Subzone,-,-,-,-,-,-,-,-,-,-,-,-,-,-,-
,Bugis,"2,420",80,60,50,100,110,160,150,190,180,180,170,200,210,590
,Cecil,160,10,-,10,-,-,10,30,30,20,20,20,-,-,10
,Central Subzone,420,20,10,20,10,10,20,50,60,70,60,40,30,20,20
,City Hall,70,-,-,-,-,-,-,-,-,-,-,-,-,-,-
,Clifford Pier,-,-,-,-,-,-,-,-,-,-,-,-,-,-,-
,Marina Centre,20,-,-,-,-,-,-,-,-,-,-,-,-,-,-
,Maxwell,-,-,-,-,-,-,-,-,-,-,-,-,-,-,-
,Phillip,10,-,-,-,-,-,-,-,-,-,-,-,-,-,-
,Raffles Place,70,-,-,-,-,-,-,-,-,-,-,-,-,-,-
,Tanjong Pagar,500,10,10,10,10,10,30,60,70,60,60,40,30,20,80
Geylang,Total,"119,130","4,780","5,580","5,780","6,620","7,730","8,270","8,550","9,000","9,110","9,190","9,930","9,610","7,880","17,100"
,Aljunied,"42,530","1,670","2,060","2,040","2,240","2,480","2,830","3,020","3,390","3,580","3,330","3,540","3,350","2,800","6,200"
,Geylang East,"33,780","1,620","1,620","1,580","1,800","2,100","2,290","2,710","2,760","2,560","2,430","2,510","2,620","2,260","4,930"
,Kallang Way,50,-,-,-,-,-,-,-,-,-,-,-,-,-,-
,Kampong Ubi,"13,580",510,640,730,870,"1,170","1,280","1,040",950,890,950,"1,250","1,220",870,"1,210"
,Macpherson,"29,190",980,"1,260","1,430","1,700","1,980","1,870","1,780","1,890","2,080","2,480","2,620","2,420","1,940","4,760"
Hougang,Total,"219,440","8,180","9,930","12,250","15,000","16,710","16,020","14,640","14,930","16,560","17,360","19,810","18,710","14,310","25,030"
,Defu Industrial Park,20,-,-,-,-,-,-,-,-,-,-,-,-,-,-
,Hougang Central,"4,960",170,220,290,380,410,380,300,300,340,440,460,400,310,560
,Hougang East,"19,310",680,710,920,"1,420","1,820","1,610","1,410","1,240","1,180","1,420","1,960","1,720","1,270","1,950"
,Hougang West,"51,340","1,700","2,020","2,510","3,380","4,370","4,260","3,550","3,240","3,590","3,950","5,020","4,750","3,570","5,430"
,Kangkar,"24,860",910,"1,110","1,480","1,580","1,730","1,690","1,590","1,750","2,010","2,060","2,240","2,070","1,600","3,060"
,Kovan,"25,130",980,"1,130","1,470","1,760","2,030","1,840","1,520","1,680","1,970","1,820","2,100","2,150","1,660","3,020"
,Lorong Ah Soo,"34,110","1,140","1,460","1,820","2,050","2,210","2,330","2,390","2,360","2,580","2,620","2,810","2,950","2,440","4,950"
,Lorong Halus,-,-,-,-,-,-,-,-,-,-,-,-,-,-,-
,Tai Seng,"14,530",580,760,860,"1,040","1,040",980,940,900,"1,120","1,150","1,210","1,160",940,"1,870"
,Trafalgar,"45,180","2,030","2,520","2,920","3,390","3,110","2,940","2,960","3,450","3,770","3,890","4,000","3,500","2,520","4,190"
Jurong East,Total,"86,570","3,460","4,030","4,770","5,150","5,930","6,790","6,730","6,280","6,750","6,530","6,880","7,100","6,300","9,880"
,International Business Park,10,-,-,-,-,-,-,-,-,-,-,-,-,-,-
,Jurong Gateway,20,-,-,-,-,-,-,-,-,-,-,-,-,-,-
,Jurong Port,10,-,-,-,-,-,-,-,-,-,-,-,-,-,-
,Jurong River,10,-,-,-,-,-,-,-,-,-,-,-,-,-,-
,Lakeside,"1,050",40,30,30,40,60,100,90,80,80,90,80,90,90,170
,Penjuru Crescent,10,-,-,-,-,-,-,-,-,-,-,-,-,-,-
,Teban Gardens,"19,370",890,950,"1,030","1,050","1,230","1,380","1,630","1,520","1,420","1,380","1,430","1,420","1,550","2,510"
,Toh Guan,"16,940",710,820,"1,080","1,140","1,310","1,390","1,270","1,180","1,420","1,340","1,470","1,460","1,050","1,330"
,Yuhua East,"28,170","1,010","1,230","1,470","1,620","1,850","2,210","2,220","2,050","2,230","2,110","2,190","2,390","2,080","3,530"
,Yuhua West,"20,990",820,"1,000","1,170","1,290","1,480","1,710","1,510","1,460","1,600","1,620","1,710","1,750","1,530","2,340"
Jurong West,Total,"271,930","13,900","16,200","17,110","18,280","19,150","19,890","23,420","23,650","22,910","21,880","20,550","18,800","15,090","21,120"
,Boon Lay Place,"29,690","1,710","1,750","1,760","1,950","1,940","2,200","2,500","2,190","2,390","2,490","2,320","1,990","1,720","2,790"
,Chin Bee,-,-,-,-,-,-,-,-,-,-,-,-,-,-,-
,Hong Kah,"57,680","2,230","2,880","3,380","3,580","4,030","4,410","4,560","4,520","4,660","4,480","4,470","4,600","3,930","5,950"
,Jurong West Central,"69,260","4,550","5,050","4,370","3,880","3,990","5,160","7,130","7,630","6,530","4,950","4,460","4,330","3,270","3,980"
,Kian Teck,40,-,-,-,-,-,-,-,-,-,-,-,-,-,-
,Safti,-,-,-,-,-,-,-,-,-,-,-,-,-,-,-
,Taman Jurong,"34,710","1,710","1,950","2,260","2,520","2,490","2,410","2,750","2,650","2,880","3,010","2,740","2,410","1,960","2,970"
,Wenya,"8,710",740,770,530,360,380,610,"1,110","1,130",800,550,450,430,350,520
,Yunnan,"71,840","2,950","3,810","4,810","5,990","6,330","5,100","5,370","5,520","5,650","6,390","6,110","5,040","3,840","4,920"
Kallang,Total,"102,250","4,460","4,540","4,620","4,820","5,270","6,230","7,720","8,370","8,720","7,770","8,060","7,820","7,030","16,830"
,Bendemeer,"33,920","1,670","1,450","1,420","1,540","1,760","2,270","2,970","2,870","2,760","2,360","2,490","2,620","2,370","5,360"
,Boon Keng,"11,180",500,420,520,520,630,710,920,850,890,880,870,900,770,"1,820"
,Crawford,"9,960",310,340,370,380,460,530,530,600,660,710,910,870,850,"2,450"
,Geylang Bahru,"13,200",420,560,650,710,690,780,860,"1,010","1,140","1,060","1,150","1,000",880,"2,310"
,Kallang Bahru,20,-,-,-,-,-,-,-,-,-,-,-,-,-,-
,Kampong Bugis,890,30,30,30,50,60,80,80,70,50,40,80,100,70,130
,Kampong Java,"11,360",480,560,520,580,580,640,780,"1,000","1,010",890,850,800,780,"1,890"
,Lavender,"10,400",450,500,480,450,540,640,790,840,950,770,860,760,720,"1,650"
,Tanjong Rhu,"11,330",590,690,630,600,550,590,790,"1,140","1,270","1,060",860,760,590,"1,220"
Lim Chu Kang,Total,90,-,-,-,-,-,-,-,-,-,-,-,-,-,-
,Lim Chu Kang,90,-,-,-,-,-,-,-,-,-,-,-,-,-,-
Mandai,Total,"2,100",90,120,160,160,160,140,130,180,190,190,180,130,90,200
,Mandai East,-,-,-,-,-,-,-,-,-,-,-,-,-,-,-
,Mandai Estate,"2,100",90,120,160,160,160,140,130,180,190,190,180,130,90,200
,Mandai West,-,-,-,-,-,-,-,-,-,-,-,-,-,-,-
Marina East,Total,-,-,-,-,-,-,-,-,-,-,-,-,-,-,-
,Marina East,-,-,-,-,-,-,-,-,-,-,-,-,-,-,-
Marina South,Total,-,-,-,-,-,-,-,-,-,-,-,-,-,-,-
,Marina South,-,-,-,-,-,-,-,-,-,-,-,-,-,-,-
Marine Parade,Total,"49,010","2,230","2,760","2,720","2,600","2,700","2,620","3,070","3,940","4,590","3,890","3,680","3,340","2,940","7,940"
,East Coast,-,-,-,-,-,-,-,-,-,-,-,-,-,-,-
,Katong,"9,760",430,550,570,550,590,500,650,880,950,800,740,650,590,"1,330"
,Marina East (Mp),-,-,-,-,-,-,-,-,-,-,-,-,-,-,-
,Marine Parade,"29,060","1,330","1,650","1,540","1,450","1,460","1,520","1,770","2,250","2,680","2,290","2,100","1,980","1,740","5,300"
,Mountbatten,"10,200",470,570,610,600,650,600,650,820,950,800,830,710,610,"1,310"
Museum,Total,360,10,20,10,10,10,10,40,50,50,40,40,20,20,30
,Bras Basah,10,-,-,-,-,-,-,-,-,-,-,-,-,-,-
,Dhoby Ghaut,200,10,10,-,10,10,10,20,30,30,20,20,10,10,10
,Fort Canning,160,10,10,10,10,-,-,10,20,20,20,20,10,10,20
Newton,Total,"6,660",290,450,310,350,320,320,400,540,730,610,570,470,410,880
,Cairnhill,"3,170",140,210,140,170,140,170,220,270,340,290,250,210,200,440
,Goodwood Park,800,40,80,40,40,40,30,50,70,100,80,60,50,40,90
,Istana Negara,30,-,-,-,-,-,-,-,-,-,-,-,-,-,-
,Monk's Hill,"1,020",40,80,60,70,50,50,60,70,120,90,90,60,40,140
,Newton Circus,230,10,20,10,10,10,10,20,20,30,30,20,10,10,20
,Orange Grove,"1,410",60,60,50,70,90,60,70,110,140,130,150,130,120,190
North-Eastern Islands,Total,50,-,-,-,-,-,-,-,-,-,-,-,-,-,-
,North-Eastern Islands,50,-,-,-,-,-,-,-,-,-,-,-,-,-,-
Novena,Total,"47,790","2,270","2,780","2,470","2,540","2,610","2,630","3,160","4,040","4,490","3,890","3,730","3,300","2,860","7,030"
,Balestier,"32,460","1,480","1,580","1,520","1,650","1,770","1,880","2,340","2,770","2,900","2,590","2,510","2,330","1,980","5,170"
,Dunearn,"3,780",140,230,250,270,260,180,160,200,330,320,330,270,270,590
,Malcolm,"2,680",110,220,150,160,170,130,110,190,250,220,230,190,180,390
,Moulmein,"8,200",520,720,510,410,360,390,520,850,980,700,590,460,390,790
,Mount Pleasant,670,20,30,40,50,60,50,30,30,30,60,60,60,50,100
Orchard,Total,890,30,40,30,30,40,50,60,90,90,80,90,70,70,120
,Boulevard,390,10,20,20,10,20,20,30,30,40,30,30,40,40,60
,Somerset,120,-,-,10,-,-,10,10,20,10,10,10,10,10,20
,Tanglin,380,20,20,10,20,20,20,20,40,30,40,50,30,30,40
Outram,Total,"22,300","1,320","1,040",710,750,890,"1,160","1,930","2,160","1,680","1,520","1,570","1,660","1,630","4,280"
,China Square,"1,640",50,30,40,60,70,100,120,110,130,120,140,150,180,370
,Chinatown,"11,930",980,710,390,360,420,510,"1,270","1,550",970,780,730,710,680,"1,880"
,Pearl's Hill,"8,300",290,310,270,320,380,500,500,450,540,600,680,770,730,"1,970"
,People's Park,420,10,-,10,-,20,40,50,50,40,30,30,30,40,70
Pasir Ris,Total,"137,500","5,700","7,280","9,580","12,940","12,570","8,140","7,900","9,090","10,520","13,720","13,470","9,750","6,510","10,330"
,Flora Drive,"12,740",570,730,870,"1,020",970,700,690,"1,020","1,100","1,200","1,120",940,660,"1,160"
,Loyang East,"2,210",70,100,130,170,190,160,120,150,160,170,220,200,160,230
,Loyang West,210,-,-,-,-,-,-,-,-,-,10,-,10,10,170
,Pasir Ris Central,"23,200",930,"1,230","1,570","2,180","2,120","1,380","1,350","1,520","1,790","2,290","2,400","1,710","1,080","1,670"
,Pasir Ris Drive,"60,810","2,460","3,030","4,030","5,740","6,140","3,900","3,520","3,690","4,200","5,740","6,150","4,550","3,090","4,580"
,Pasir Ris Park,"1,860",110,110,140,140,120,80,120,170,210,190,180,100,70,110
,Pasir Ris Wafer Fab Park,30,-,-,-,-,-,-,-,-,-,-,-,-,-,-
,Pasir Ris West,"36,450","1,570","2,080","2,850","3,680","3,040","1,920","2,100","2,530","3,060","4,110","3,410","2,250","1,440","2,400"
Paya Lebar,Total,40,-,-,-,-,-,-,-,-,-,-,-,-,-,-
,Airport Road,-,-,-,-,-,-,-,-,-,-,-,-,-,-,-
,Paya Lebar East,10,-,-,-,-,-,-,-,-,-,-,-,-,-,-
,Paya Lebar North,30,-,-,-,-,-,-,-,-,-,-,-,-,-,-
,Paya Lebar West,-,-,-,-,-,-,-,-,-,-,-,-,-,-,-
,Plab,-,-,-,-,-,-,-,-,-,-,-,-,-,-,-
Pioneer,Total,90,-,-,-,-,-,-,-,-,-,-,-,-,-,-
,Benoi Sector,10,-,-,-,-,-,-,-,-,-,-,-,-,-,-
,Gul Basin,10,-,-,-,-,-,-,-,-,-,-,-,-,-,-
,Gul Circle,30,-,-,-,-,-,-,-,-,-,-,-,-,-,-
,Joo Koon,40,-,-,-,-,-,-,-,-,-,-,-,-,-,-
,Pioneer Sector,10,-,-,-,-,-,-,-,-,-,-,-,-,-,-
Punggol,Total,"98,140","10,430","8,090","5,490","3,880","3,630","6,800","14,000","12,050","9,170","5,760","5,040","4,340","3,600","5,880"
,Coney Island,-,-,-,-,-,-,-,-,-,-,-,-,-,-,-
,Matilda,"25,770","3,430","1,660","1,090",810,820,"2,480","5,030","2,960","1,890","1,240","1,120",970,910,"1,370"
,Northshore,290,-,20,20,30,20,10,20,10,30,30,30,30,20,40
,Punggol Canal,-,-,-,-,-,-,-,-,-,-,-,-,-,-,-
,Punggol Field,"43,840","3,170","4,020","3,190","2,190","1,980","2,310","3,710","5,330","5,050","3,110","2,710","2,290","1,760","3,020"
,Punggol Town Centre,"4,970",870,420,170,90,100,230,"1,180",750,330,190,150,150,140,200
,Waterway East,"23,280","2,950","1,980","1,030",760,710,"1,760","4,060","3,010","1,870","1,190","1,040",900,770,"1,250"
Queenstown,Total,"98,730","4,440","4,550","4,440","4,900","5,340","6,070","7,340","7,850","8,240","7,790","7,410","6,800","6,220","17,340"
,Commonwealth,"8,260",300,320,320,350,390,510,620,560,680,650,680,620,520,"1,760"
,Dover,"13,450",690,850,730,830,820,770,980,"1,090","1,130","1,120",990,860,740,"1,860"
,Ghim Moh,"11,980",520,550,520,600,600,780,860,880,930,850,820,770,730,"2,560"
,Holland Drive,"14,520",540,500,580,580,650,820,980,"1,180","1,340","1,120","1,030",970,"1,000","3,240"
,Kent Ridge,"1,110",30,60,50,50,60,120,100,70,110,110,90,90,70,120
,Margaret Drive,"9,850",640,510,430,410,430,610,920,"1,040",830,730,670,590,590,"1,460"
,Mei Chin,"17,090",670,770,830,"1,010","1,050","1,070","1,110","1,160","1,330","1,430","1,410","1,320","1,110","2,800"
,National University Of S'pore,410,10,10,10,10,230,50,20,10,10,20,20,10,-,-
,One North,610,40,40,20,20,20,20,60,80,100,80,40,20,20,40
,Pasir Panjang 1,"3,930",210,190,220,220,240,280,310,350,360,310,330,280,220,410
,Pasir Panjang 2,"3,500",160,160,170,240,240,240,240,240,260,310,290,300,310,370
,Port,150,-,-,-,10,20,10,10,10,10,10,20,10,10,30
,Queensway,290,10,10,10,20,20,20,30,20,40,20,20,20,20,40
,Singapore Polytechnic,150,10,10,10,10,10,10,20,20,20,10,10,10,-,-
,Tanglin Halt,"13,460",620,590,530,550,580,750,"1,100","1,150","1,110","1,030",990,920,870,"2,670"
River Valley,Total,"9,110",430,520,460,430,480,470,680,910,"1,020",870,690,590,530,"1,050"
,Institution Hill,"3,270",200,210,160,140,170,190,280,410,400,290,210,170,170,280
,Leonie Hill,"2,450",90,140,150,130,120,110,200,240,300,260,200,170,130,220
,One Tree Hill,"1,850",70,80,90,120,110,80,100,120,160,180,170,160,130,290
,Oxley,"1,380",70,70,60,40,70,80,90,130,130,120,110,80,90,250
,Paterson,160,10,10,-,-,10,10,10,20,20,20,10,10,10,20
Rochor,Total,"14,750",550,620,560,640,730,940,"1,100","1,290","1,220","1,110","1,130","1,130","1,060","2,670"
,Bencoolen,"1,490",70,50,50,60,70,110,90,120,120,130,140,120,100,260
,Farrer Park,"3,210",140,190,130,140,130,200,290,310,280,240,210,230,210,510
,Kampong Glam,190,10,-,-,10,10,10,10,10,20,20,20,10,10,60
,Little India,"3,940",120,140,170,180,220,240,260,300,310,290,310,320,310,770
,Mackenzie,100,-,-,-,-,-,-,-,-,-,-,-,-,-,-
,Mount Emily,"1,020",50,80,30,30,30,60,110,160,130,90,60,60,50,80
,Rochor Canal,10,-,-,-,-,-,-,-,-,-,-,-,-,-,-
,Selegie,260,10,10,10,10,20,10,20,40,20,20,20,10,20,40
,Sungei Road,"2,420",100,90,110,130,140,170,140,170,180,170,180,170,180,490
,Victoria,"2,120",50,50,50,80,110,130,160,170,150,150,190,200,180,460
Seletar,Total,300,10,20,20,20,10,-,10,30,50,40,30,30,10,30
,Pulau Punggol Barat,-,-,-,-,-,-,-,-,-,-,-,-,-,-,-
,Pulau Punggol Timor,-,-,-,-,-,-,-,-,-,-,-,-,-,-,-
,Seletar,290,10,20,20,20,10,-,10,20,50,40,30,20,10,20
,Seletar Aerospace Park,20,-,-,-,-,-,-,-,-,-,-,-,-,-,-
Sembawang,Total,"75,570","4,550","5,470","5,370","4,600","4,530","5,010","6,590","7,510","7,480","5,960","5,560","4,570","3,220","5,160"
,Admiralty,"13,340",880,"1,100",910,700,710,900,"1,130","1,480","1,340",980,940,720,540,"1,010"
,Sembawang Central,"29,580","1,600","1,920","2,160","1,960","1,940","2,060","2,500","2,720","2,980","2,410","2,290","1,920","1,260","1,880"
,Sembawang East,110,-,10,10,10,10,10,-,10,10,10,-,10,10,30
,Sembawang North,"26,620","1,810","2,100","1,870","1,500","1,470","1,740","2,680","2,820","2,610","2,020","1,820","1,560","1,120","1,500"
,Sembawang Springs,"4,210",170,240,320,310,260,230,200,350,370,390,340,250,220,580
,Sembawang Straits,"1,680",100,90,100,130,140,80,80,120,150,150,170,120,70,170
,Senoko North,20,-,-,-,-,-,-,-,-,-,-,-,-,-,-
,Senoko South,20,-,-,-,-,-,-,-,-,-,-,-,-,-,-
,The Wharves,-,-,-,-,-,-,-,-,-,-,-,-,-,-,-
Sengkang,Total,"191,910","13,720","14,240","12,180","11,240","10,450","12,590","19,120","19,840","17,930","14,000","13,200","11,820","8,430","13,160"
,Anchorvale,"31,720","2,200","2,940","2,220","1,560","1,500","1,800","2,760","3,760","3,650","2,180","1,980","1,790","1,340","2,060"
,Compassvale,"16,170","1,720","1,520",800,570,500,880,"2,230","2,730","1,400",880,780,700,540,940
,Fernvale,"29,340","3,290","2,300","1,360","1,050","1,140","2,230","4,470","3,430","2,200","1,630","1,520","1,420","1,140","2,160"
,Lorong Halus North,-,-,-,-,-,-,-,-,-,-,-,-,-,-,-
,Rivervale,"59,220","3,160","3,810","4,060","4,170","3,900","4,080","4,490","5,010","5,490","4,760","4,740","4,220","3,010","4,320"
,Sengkang Town Centre,"55,460","3,360","3,670","3,740","3,890","3,400","3,600","5,170","4,920","5,180","4,550","4,190","3,700","2,410","3,680"
,Sengkang West,10,-,-,-,-,-,-,-,-,-,-,-,-,-,-
Serangoon,Total,"122,100","4,220","5,400","6,560","8,060","9,330","9,060","7,680","7,650","8,870","9,170","10,360","10,770","8,840","16,130"
,Lorong Chuan,"8,440",310,460,560,660,680,480,370,490,670,750,790,690,460,"1,090"
,Seletar Hills,"13,090",450,590,760,990,"1,080",900,680,740,920,970,"1,100","1,110",960,"1,850"
,Serangoon Central,"26,860",910,"1,030","1,340","1,490","1,910","2,270","1,870","1,690","2,040","1,880","2,280","2,560","2,070","3,540"
,Serangoon Garden,"39,860","1,350","1,640","1,940","2,460","2,890","2,940","2,570","2,500","2,770","2,800","3,200","3,560","3,130","6,100"
,Serangoon North,"17,940",660,980,"1,190","1,470","1,510","1,200","1,190","1,210","1,430","1,620","1,620","1,390","1,060","1,420"
,Serangoon North Ind Estate,20,-,-,-,-,-,-,-,-,-,-,-,-,-,-
,Upper Paya Lebar,"15,880",540,700,770,980,"1,260","1,270","1,010","1,030","1,040","1,150","1,380","1,450","1,170","2,140"
Simpang,Total,-,-,-,-,-,-,-,-,-,-,-,-,-,-,-
,Pulau Seletar,-,-,-,-,-,-,-,-,-,-,-,-,-,-,-
,Simpang North,-,-,-,-,-,-,-,-,-,-,-,-,-,-,-
,Simpang South,-,-,-,-,-,-,-,-,-,-,-,-,-,-,-
,Tanjong Irau,-,-,-,-,-,-,-,-,-,-,-,-,-,-,-
Singapore River,Total,"2,580",180,150,120,90,80,120,300,340,360,240,170,150,100,190
,Boat Quay,170,10,10,-,-,-,10,30,20,20,10,10,10,10,30
,Clarke Quay,140,-,10,10,-,10,10,20,20,20,10,10,10,-,10
,Robertson Quay,"2,280",160,130,100,90,80,100,260,300,330,210,150,130,90,150
Southern Islands,Total,"1,400",90,90,70,90,80,60,60,110,180,180,160,100,70,70
,Sentosa,"1,400",90,90,70,90,80,60,60,110,180,180,160,100,70,70
,Southern Group,-,-,-,-,-,-,-,-,-,-,-,-,-,-,-
Straits View,Total,-,-,-,-,-,-,-,-,-,-,-,-,-,-,-
,Straits View,-,-,-,-,-,-,-,-,-,-,-,-,-,-,-
Sungei Kadut,Total,760,30,30,40,40,50,60,40,60,60,60,60,60,40,140
,Gali Batu,30,-,-,-,-,-,-,-,-,-,-,-,-,-,-
,Kranji,20,-,-,-,-,-,-,-,-,-,-,-,-,-,-
,Pang Sua,20,-,-,-,-,-,-,-,-,-,-,-,-,-,-
,Reservoir View,20,-,-,-,-,-,-,-,-,-,-,-,-,-,-
,Turf Club,670,20,30,30,40,40,50,40,50,40,50,50,50,40,130
Tampines,Total,"258,810","10,930","12,350","14,560","19,070","21,500","19,780","18,650","17,640","18,350","20,440","23,230","22,020","16,200","24,110"
,Simei,"43,450","2,000","2,220","2,470","3,020","3,440","3,030","3,380","3,450","3,500","3,280","3,840","3,370","2,550","3,920"
,Tampines East,"136,810","5,700","6,320","7,470","10,170","11,560","10,570","9,840","8,850","9,230","10,970","12,330","11,900","8,750","13,150"
,Tampines North,-,-,-,-,-,-,-,-,-,-,-,-,-,-,-
,Tampines West,"76,600","3,170","3,740","4,490","5,720","6,340","6,040","5,320","5,230","5,490","6,010","6,820","6,550","4,800","6,900"
,Xilin,"1,950",60,80,130,170,170,140,120,100,130,180,240,200,100,130
Tanglin,Total,"18,390",910,"1,200","1,090","1,010",940,850,"1,090","1,580","1,910","1,740","1,530","1,220","1,110","2,240"
,Chatsworth,"5,460",260,320,280,270,240,260,430,580,650,510,420,350,290,600
,Nassim,"8,080",420,590,530,440,420,330,420,640,830,780,680,530,500,970
,Ridout,"1,390",70,70,70,80,80,80,90,120,90,110,140,100,100,210
,Tyersall,"3,460",150,220,210,220,210,170,150,250,330,330,290,250,220,470
Tengah,Total,10,-,-,-,-,-,-,-,-,-,-,-,-,-,-
,Tengah,10,-,-,-,-,-,-,-,-,-,-,-,-,-,-
Toa Payoh,Total,"126,720","5,180","5,760","6,010","6,720","7,320","7,810","8,900","9,430","10,350","9,640","10,030","9,780","8,330","21,490"
,Bidadari,10,-,-,-,-,-,-,-,-,-,-,-,-,-,-
,Boon Teck,"15,430",540,690,770,850,930,900,910,910,"1,100","1,140","1,340","1,250","1,030","3,070"
,Braddell,"10,880",420,520,510,630,680,680,730,740,840,860,870,860,720,"1,820"
,Joo Seng,"6,820",240,360,310,350,410,440,440,520,560,510,540,560,470,"1,110"
,Kim Keat,"8,710",300,370,360,480,630,640,590,580,680,650,740,770,560,"1,380"
,Lorong 8 Toa Payoh,"8,410",260,320,380,470,540,500,520,580,640,620,720,660,600,"1,600"
,Pei Chun,"12,000",450,580,670,630,600,660,730,880,"1,110","1,030",930,890,740,"2,100"
,Potong Pasir,"13,020",510,490,610,580,750,930,960,970,"1,060",990,960,"1,150","1,140","1,920"
,Sennett,"4,410",120,170,230,270,320,290,240,230,290,270,350,420,330,890
,Toa Payoh Central,"30,940","1,830","1,600","1,490","1,670","1,560","1,810","2,690","2,820","2,720","2,330","2,270","2,040","1,660","4,480"
,Toa Payoh West,"13,660",410,480,530,640,710,800,920,"1,010","1,110","1,060","1,110","1,010",940,"2,940"
,Woodleigh,"2,440",110,170,140,150,180,160,180,210,250,190,190,180,140,180
Tuas,Total,60,-,-,-,-,-,-,-,-,-,-,-,-,-,-
,Tengeh,-,-,-,-,-,-,-,-,-,-,-,-,-,-,-
,Tuas Bay,20,-,-,-,-,-,-,-,-,-,-,-,-,-,-
,Tuas North,20,-,-,-,-,-,-,-,-,-,-,-,-,-,-
,Tuas Promenade,10,-,-,-,-,-,-,-,-,-,-,-,-,-,-
,Tuas View,10,-,-,-,-,-,-,-,-,-,-,-,-,-,-
,Tuas View Extension,-,-,-,-,-,-,-,-,-,-,-,-,-,-,-
Western Islands,Total,-,-,-,-,-,-,-,-,-,-,-,-,-,-,-
,Jurong Island And Bukom,-,-,-,-,-,-,-,-,-,-,-,-,-,-,-
,Semakau,-,-,-,-,-,-,-,-,-,-,-,-,-,-,-
,Sudong,-,-,-,-,-,-,-,-,-,-,-,-,-,-,-
Western Water Catchment,Total,960,40,50,60,40,170,70,50,90,90,60,80,60,30,70
,Western Water Catchment,960,40,50,60,40,170,70,50,90,90,60,80,60,30,70
Woodlands,Total,"250,180","12,320","14,940","18,180","21,200","19,390","17,960","18,990","19,030","21,610","22,580","20,500","16,010","10,770","16,700"
,Greenwood Park,50,-,-,-,-,-,-,-,-,-,-,-,-,-,-
,Midview,"35,880","1,600","1,990","2,830","3,630","3,100","2,650","2,420","2,270","2,920","3,640","3,090","2,150","1,390","2,220"
,North Coast,"15,000",560,630,800,"1,070","1,220","1,110","1,030",990,"1,050","1,270","1,370","1,180",980,"1,770"
,Senoko West,20,-,-,-,-,-,-,-,-,-,-,-,-,-,-
,Woodgrove,"35,720","1,410","1,850","2,560","3,610","3,280","2,510","2,300","2,300","2,860","3,720","3,080","2,460","1,500","2,270"
,Woodlands East,"94,870","4,970","6,430","7,430","7,760","6,690","6,580","7,650","8,240","9,250","8,370","7,460","5,540","3,550","4,950"
,Woodlands Regional Centre,-,-,-,-,-,-,-,-,-,-,-,-,-,-,-
,Woodlands South,"36,140","2,370","2,570","2,790","2,680","2,300","2,640","3,250","3,210","3,280","2,820","2,530","2,030","1,530","2,140"
,Woodlands West,"32,510","1,400","1,470","1,770","2,460","2,800","2,470","2,330","2,010","2,240","2,760","2,980","2,650","1,820","3,360"
Yishun,Total,"192,800","9,020","9,570","10,550","12,030","15,070","15,710","15,480","14,290","14,610","15,190","17,110","15,280","11,440","17,460"
,Khatib,"11,220",380,470,530,720,960,940,840,730,830,880,"1,120",970,790,"1,080"
,Lower Seletar,"1,150",70,90,130,110,80,40,50,80,130,100,100,50,40,90
,Nee Soon,870,50,40,50,50,60,50,50,70,90,70,80,50,50,120
,Northland,"31,310","1,240","1,540","1,830","2,050","2,530","2,540","2,390","2,380","2,370","2,520","2,870","2,580","1,840","2,640"
,Springleaf,"3,910",170,170,220,280,360,280,220,230,270,280,320,310,290,520
,Yishun Central,"1,550",70,50,60,120,140,150,130,90,70,120,160,140,110,150
,Yishun East,"44,400","3,110","2,520","2,550","2,800","3,400","3,690","4,560","3,560","3,310","3,330","3,640","2,940","2,080","2,920"
,Yishun South,"39,940","1,560","1,910","2,100","2,450","3,370","3,290","2,860","2,870","3,040","3,060","3,670","3,330","2,480","3,930"
,Yishun West,"58,460","2,360","2,780","3,090","3,460","4,170","4,740","4,390","4,280","4,500","4,830","5,150","4,910","3,770","6,030"
,,,,,,,,,,,,,,,,
,,,,,,,,,,,,,,,,
Notes:  1) Planning areas refer to areas demarcated in the Urban Redevelopment Authority's Master Plan 2014.       ,,,,,,,,,,,,,,,,
               2) Data from 2003 onwards exclude residents who have been away from Singapore for a continuous period of 12 months or longer as at the reference period.   ,,,,,,,,,,,,,,,,
"               3) ""-"" Nil or negligble.   ",,,,,,,,,,,,,,,,
               4) The figures have been rounded to the nearest 10. ,,,,,,,,,,,,,,,,
               5) The data may not add up due to rounding.,,,,,,,,,,,,,,,,
,,,,,,,,,,,,,,,,
"Table A1.2 Singapore Residents by Planning Area/Subzone, Age Group and Sex, June 2014 (contâ€™d)",,,,,,,,,,,,,,,,
,,,,,,,,,,,,,,,,
Planning Area,Subzone,Total,0 - 4,5 - 9,10 - 14,15 - 19,20 - 24,25 - 29,30 - 34,35 - 39,40 - 44,45 - 49,50 - 54,55 - 59,60 - 64,65 & Over
,,Males (Number),,,,,,,,,,,,,,
Total,Total,"1,902,410","92,530","104,590","112,960","126,510","132,900","129,300","138,950","144,960","154,320","153,190","158,730","144,320","115,220","193,920"
Ang Mo Kio,Total,"86,080","3,660","4,090","4,480","4,880","5,230","5,440","6,340","6,520","6,840","6,630","7,230","6,590","6,050","12,100"
,Ang Mo Kio Town Centre,"2,370",130,140,150,150,130,140,180,200,230,200,180,140,130,270
,Cheng San,"14,770",690,670,730,760,800,880,"1,260","1,220","1,270","1,140","1,210","1,060","1,070","2,010"
,Chong Boon,"13,980",510,620,660,790,760,920,"1,070","1,050","1,030","1,060","1,170","1,090","1,030","2,220"
,Kebun Bahru,"11,830",420,510,590,630,690,740,840,880,940,990,"1,000",900,860,"1,850"
,Sembawang Hills,"3,230",100,170,220,240,270,210,150,150,250,260,290,270,200,470
,Shangri-La,"9,410",420,440,490,550,590,590,670,670,680,780,870,740,610,"1,310"
,Tagore,"3,990",140,200,220,300,370,310,190,220,280,260,350,370,290,500
,Townsville,"11,470",620,600,490,530,650,700,890,"1,060",910,790,900,820,780,"1,740"
,Yio Chu Kang,-,-,-,-,-,-,-,-,-,-,-,-,-,-,-
,Yio Chu Kang East,"2,080",80,100,120,170,180,130,120,120,150,130,170,220,130,270
,Yio Chu Kang North,-,-,-,-,-,-,-,-,-,-,-,-,-,-,-
,Yio Chu Kang West,"12,930",540,650,810,760,800,840,980,960,"1,100","1,030","1,080",990,940,"1,470"
Bedok,Total,"143,120","6,230","7,110","7,830","9,070","10,100","9,930","9,690","10,090","10,930","11,000","11,780","11,470","10,000","17,900"
,Bayshore,"3,560",230,250,200,180,180,140,220,340,460,380,280,210,200,290
,Bedok North,"43,210","1,830","1,980","2,390","2,620","2,900","2,910","3,090","3,180","3,120","3,410","3,790","3,390","3,030","5,580"
,Bedok Reservoir,"11,920",570,730,720,810,790,850,820,930,"1,010",950,950,890,800,"1,100"
,Bedok South,"25,600","1,120","1,310","1,410","1,610","1,800","1,780","1,620","1,650","1,860","1,930","2,040","2,080","1,830","3,560"
,Frankel,"15,720",810,970,850,"1,050","1,020",880,860,"1,190","1,540","1,270","1,160","1,040","1,040","2,040"
,Kaki Bukit,"20,800",830,970,"1,170","1,520","1,750","1,730","1,510","1,360","1,360","1,440","1,780","1,870","1,460","2,080"
,Kembangan,"19,050",740,780,940,"1,100","1,440","1,430","1,380","1,230","1,320","1,370","1,570","1,740","1,430","2,580"
,Siglap,"3,270",110,120,150,180,220,210,200,210,260,260,220,260,210,660
Bishan,Total,"44,730","1,860","2,380","2,600","3,100","3,620","3,110","2,810","2,920","3,470","3,330","3,650","3,730","3,100","5,040"
,Bishan East,"14,010",530,710,720,850,"1,150","1,150",950,970,"1,080",980,"1,060","1,220","1,060","1,580"
,Marymount,"15,770",770,980,"1,020","1,230","1,380","1,000","1,020","1,070","1,220","1,180","1,360","1,240",940,"1,360"
,Upper Thomson,"14,940",560,690,860,"1,020","1,090",960,840,870,"1,170","1,180","1,230","1,270","1,100","2,100"
Boon Lay,Total,-,-,-,-,-,-,-,-,-,-,-,-,-,-,-
,Liu Fang,-,-,-,-,-,-,-,-,-,-,-,-,-,-,-
,Samulun,-,-,-,-,-,-,-,-,-,-,-,-,-,-,-
,Shipyard,-,-,-,-,-,-,-,-,-,-,-,-,-,-,-
,Tukang,-,-,-,-,-,-,-,-,-,-,-,-,-,-,-
Bukit Batok,Total,"69,760","2,990","3,690","4,280","4,750","5,150","5,270","4,890","5,010","5,440","5,870","6,140","5,910","4,400","5,990"
,Brickworks,-,-,-,-,-,-,-,-,-,-,-,-,-,-,-
,Bukit Batok Central,"13,010",590,740,800,780,900,"1,030",960,910,"1,010","1,070","1,040","1,110",860,"1,220"
,Bukit Batok East,"7,460",300,370,400,460,530,620,580,560,590,570,650,650,540,650
,Bukit Batok South,"6,990",290,350,460,630,580,580,480,430,510,570,660,630,410,420
,Bukit Batok West,"7,650",310,420,470,490,560,550,580,560,600,630,690,630,500,680
,Gombak,"4,720",310,300,240,260,310,290,400,510,350,330,330,300,280,510
,Guilin,"6,550",290,360,380,450,450,460,440,520,600,610,600,510,360,530
,Hillview,"8,790",320,420,640,760,710,530,390,490,670,880,920,710,570,790
,Hong Kah North,"14,590",570,750,890,930,"1,110","1,210","1,060","1,030","1,140","1,200","1,260","1,360",890,"1,200"
Bukit Merah,Total,"75,940","3,800","3,640","3,530","3,480","3,870","4,550","5,490","6,290","6,280","5,880","5,990","5,880","5,190","12,060"
,Alexandra Hill,"7,900",300,390,440,430,510,540,490,490,550,590,650,640,590,"1,310"
,Alexandra North,430,30,30,20,20,20,20,40,40,50,50,40,30,10,30
,Bukit Ho Swee,"8,080",400,320,320,320,390,510,630,590,550,630,690,730,620,"1,380"
,Bukit Merah,590,30,30,30,50,40,40,40,30,50,40,40,40,50,100
,City Terminals,-,-,-,-,-,-,-,-,-,-,-,-,-,-,-
,Depot Road,"2,350",150,140,120,110,110,120,180,260,240,200,160,150,130,280
,Everton Park,"4,280",210,200,200,180,220,250,340,400,380,320,300,310,310,690
,Henderson Hill,"6,760",300,310,320,360,390,410,440,430,490,530,550,550,450,"1,250"
,Kampong Tiong Bahru,"5,300",180,240,210,240,260,350,340,360,400,440,430,480,430,940
,Maritime Square,"1,170",80,60,60,40,50,40,90,150,140,120,140,70,50,90
,Redhill,"5,930",430,340,260,260,280,310,410,620,530,480,490,440,330,760
,Singapore General Hospital,-,-,-,-,-,-,-,-,-,-,-,-,-,-,-
,Telok Blangah Drive,"7,810",350,350,380,370,410,490,560,680,640,620,590,580,500,"1,290"
,Telok Blangah Rise,"6,780",250,260,320,320,380,450,490,520,550,480,490,520,560,"1,200"
,Telok Blangah Way,"5,400",260,240,230,230,250,280,330,430,440,410,510,470,420,900
,Tiong Bahru,"5,150",310,260,200,190,200,320,470,580,480,370,330,350,330,780
,Tiong Bahru Station,"7,980",530,490,420,350,380,440,630,730,790,600,600,540,410,"1,070"
Bukit Panjang,Total,"66,250","3,340","3,800","4,310","4,860","5,370","4,860","4,840","4,640","5,280","5,250","5,680","5,250","3,710","5,060"
,Bangkit,"12,360",460,580,670,890,"1,090","1,040",820,740,860,970,"1,220","1,050",760,"1,210"
,Dairy Farm,"2,190",80,110,160,160,200,150,110,120,160,190,200,200,150,200
,Fajar,"12,790",810,790,880,890,"1,080",890,"1,020","1,000","1,020",970,"1,030",900,620,890
,Jelebu,"17,080",710,860,"1,070","1,320","1,490","1,290","1,090","1,090","1,310","1,460","1,500","1,440","1,050","1,410"
,Nature Reserve,"1,810",80,100,130,140,120,100,100,120,170,180,160,140,110,150
,Saujana,"10,970",540,680,740,870,860,850,880,760,860,780,930,930,630,660
,Senja,"9,050",660,680,670,610,540,540,810,800,890,700,640,580,390,540
Bukit Timah,Total,"34,330","1,560","2,050","2,240","2,300","2,280","1,890","1,630","2,230","3,080","3,010","2,730","2,580","2,180","4,560"
,Anak Bukit,"10,670",420,640,710,770,890,720,530,610,770,850,840,880,720,"1,320"
,Coronation Road,"2,870",140,200,200,180,170,110,130,200,300,240,230,170,170,430
,Farrer Court,"1,720",90,90,90,90,100,90,90,110,150,130,140,130,110,300
,Hillcrest,"3,960",190,230,260,270,210,170,170,270,420,390,350,280,220,550
,Holland Road,"4,540",250,270,330,300,230,200,200,340,490,470,380,340,250,500
,Leedon Park,"2,860",140,140,160,160,180,160,150,220,280,270,220,200,190,410
,Swiss Club,"2,560",100,140,180,180,150,140,120,160,230,250,210,190,170,350
,Ulu Pandan,"5,150",230,340,320,360,350,310,240,330,450,420,360,400,350,700
Central Water Catchment,Total,-,-,-,-,-,-,-,-,-,-,-,-,-,-,-
,Central Water Catchment,-,-,-,-,-,-,-,-,-,-,-,-,-,-,-
Changi,Total,"1,300",90,110,120,80,70,50,80,140,150,130,90,60,50,110
,Changi Airport,-,-,-,-,-,-,-,-,-,-,-,-,-,-,-
,Changi Point,420,10,10,20,30,20,20,20,30,40,40,40,40,30,70
,Changi West,890,80,100,100,50,50,30,60,110,110,90,40,20,10,40
Changi Bay,Total,-,-,-,-,-,-,-,-,-,-,-,-,-,-,-
,Changi Bay,-,-,-,-,-,-,-,-,-,-,-,-,-,-,-
Choa Chu Kang,Total,"87,450","3,750","5,020","6,100","8,020","7,470","6,030","5,680","5,890","6,720","8,150","8,190","6,440","4,380","5,620"
,Choa Chu Kang Central,"10,410",420,540,710,940,970,710,620,670,790,"1,020","1,010",800,520,710
,Choa Chu Kang North,"17,200",590,930,"1,440","2,010","1,530","1,100",920,910,"1,230","1,890","1,810","1,250",730,870
,Keat Hong,"8,020",280,420,540,810,800,510,490,490,580,720,810,630,430,500
,Peng Siang,"15,830",660,920,"1,030","1,340","1,360","1,170","1,100","1,110","1,200","1,370","1,430","1,180",870,"1,100"
,Teck Whye,"13,760",580,630,790,"1,090","1,290","1,090",940,780,930,"1,110","1,310","1,070",850,"1,310"
,Yew Tee,"22,230","1,230","1,590","1,590","1,830","1,520","1,450","1,610","1,940","1,990","2,040","1,830","1,500",990,"1,130"
Clementi,Total,"43,800","2,000","2,270","2,320","2,360","2,390","2,710","3,310","3,530","3,650","3,490","3,430","3,040","2,980","6,320"
,Clementi Central,"6,570",300,350,330,370,350,350,540,570,580,510,510,450,400,950
,Clementi North,"13,240",540,580,650,640,650,810,"1,020","1,100","1,100","1,000",990,880,960,"2,310"
,Clementi West,"8,190",360,390,430,430,460,530,680,630,700,680,680,610,590,"1,030"
,Clementi Woods,"7,830",380,420,400,390,420,530,610,660,600,630,640,570,500,"1,090"
,Faber,"2,090",100,140,170,150,150,120,100,140,170,190,170,140,140,220
,Pandan,-,-,-,-,-,-,-,-,-,-,-,-,-,-,-
,Sunset Way,"2,980",130,130,160,200,200,210,190,180,220,230,240,220,240,440
,Toh Tuck,-,-,-,-,-,-,-,-,-,-,-,-,-,-,-
,West Coast,"2,870",190,250,180,180,170,160,170,260,290,250,190,170,150,280
Downtown Core,Total,"1,870",50,50,40,60,60,100,160,170,200,190,160,150,120,370
,Anson,-,-,-,-,-,-,-,-,-,-,-,-,-,-,-
,Bayfront Subzone,-,-,-,-,-,-,-,-,-,-,-,-,-,-,-
,Bugis,"1,170",40,30,30,50,50,70,70,80,100,90,80,100,90,260
,Cecil,90,-,-,-,-,-,-,20,20,10,10,20,-,-,-
,Central Subzone,210,10,-,10,-,-,10,20,30,40,30,20,10,10,10
,City Hall,-,-,-,-,-,-,-,-,-,-,-,-,-,-,-
,Clifford Pier,-,-,-,-,-,-,-,-,-,-,-,-,-,-,-
,Marina Centre,-,-,-,-,-,-,-,-,-,-,-,-,-,-,-
,Maxwell,-,-,-,-,-,-,-,-,-,-,-,-,-,-,-
,Phillip,-,-,-,-,-,-,-,-,-,-,-,-,-,-,-
,Raffles Place,-,-,-,-,-,-,-,-,-,-,-,-,-,-,-
,Tanjong Pagar,280,10,10,-,10,-,10,30,30,30,30,30,20,10,60
Geylang,Total,"59,140","2,450","2,860","2,900","3,380","3,900","4,140","4,170","4,300","4,560","4,680","5,160","4,980","3,980","7,680"
,Aljunied,"21,100",860,"1,030","1,050","1,150","1,190","1,390","1,460","1,600","1,790","1,770","1,880","1,750","1,430","2,760"
,Geylang East,"16,520",790,850,790,910,"1,070","1,130","1,270","1,330","1,270","1,180","1,280","1,290","1,120","2,250"
,Kallang Way,-,-,-,-,-,-,-,-,-,-,-,-,-,-,-
,Kampong Ubi,"6,870",270,330,370,460,590,660,540,460,460,470,600,630,450,590
,Macpherson,"14,610",520,660,700,870,"1,060",960,890,910,"1,040","1,260","1,390","1,310",990,"2,060"
Hougang,Total,"108,180","4,140","5,040","6,270","7,680","8,500","8,090","7,010","7,100","7,950","8,490","9,880","9,430","7,290","11,310"
,Defu Industrial Park,-,-,-,-,-,-,-,-,-,-,-,-,-,-,-
,Hougang Central,"2,490",90,110,150,220,240,200,150,140,150,230,220,210,160,250
,Hougang East,"9,480",360,350,470,710,950,810,690,590,580,620,940,890,650,880
,Hougang West,"25,420",870,"1,080","1,310","1,750","2,220","2,170","1,740","1,580","1,760","1,880","2,490","2,340","1,800","2,430"
,Kangkar,"12,290",440,580,780,800,900,850,790,840,960,"1,040","1,120","1,040",820,"1,360"
,Kovan,"12,240",500,590,770,890,"1,010",930,710,790,930,870,"1,000","1,050",870,"1,350"
,Lorong Ah Soo,"16,340",560,710,890,970,"1,090","1,200","1,100","1,080","1,260","1,300","1,410","1,420","1,160","2,190"
,Lorong Halus,-,-,-,-,-,-,-,-,-,-,-,-,-,-,-
,Tai Seng,"7,020",300,370,410,520,500,480,450,400,540,550,620,580,470,860
,Trafalgar,"22,880","1,030","1,270","1,490","1,830","1,600","1,450","1,390","1,670","1,790","2,000","2,090","1,920","1,350","2,000"
Jurong East,Total,"43,210","1,730","2,030","2,530","2,640","3,040","3,410","3,320","3,000","3,350","3,340","3,430","3,500","3,180","4,700"
,International Business Park,-,-,-,-,-,-,-,-,-,-,-,-,-,-,-
,Jurong Gateway,-,-,-,-,-,-,-,-,-,-,-,-,-,-,-
,Jurong Port,-,-,-,-,-,-,-,-,-,-,-,-,-,-,-
,Jurong River,-,-,-,-,-,-,-,-,-,-,-,-,-,-,-
,Lakeside,540,20,20,20,20,30,50,40,40,40,50,40,40,40,90
,Penjuru Crescent,-,-,-,-,-,-,-,-,-,-,-,-,-,-,-
,Teban Gardens,"9,750",440,490,530,560,620,700,780,740,740,720,750,700,730,"1,250"
,Toh Guan,"8,480",350,420,580,600,690,710,640,530,670,690,710,720,570,610
,Yuhua East,"13,880",520,610,770,810,950,"1,070","1,100",970,"1,110","1,060","1,070","1,170","1,030","1,650"
,Yuhua West,"10,530",410,510,620,660,740,870,750,720,780,820,850,870,820,"1,110"
Jurong West,Total,"137,410","7,050","8,300","8,850","9,310","9,690","9,760","11,200","11,910","11,800","11,350","10,820","9,530","7,780","10,080"
,Boon Lay Place,"15,230",860,920,940,"1,000",950,"1,010","1,240","1,130","1,210","1,360","1,330","1,080",880,"1,350"
,Chin Bee,-,-,-,-,-,-,-,-,-,-,-,-,-,-,-
,Hong Kah,"28,880","1,120","1,470","1,720","1,820","2,020","2,180","2,250","2,240","2,360","2,320","2,300","2,200","2,000","2,880"
,Jurong West Central,"34,830","2,310","2,630","2,240","1,970","2,030","2,550","3,210","3,790","3,440","2,640","2,290","2,140","1,710","1,890"
,Kian Teck,-,-,-,-,-,-,-,-,-,-,-,-,-,-,-
,Safti,-,-,-,-,-,-,-,-,-,-,-,-,-,-,-
,Taman Jurong,"17,460",860,980,"1,170","1,250","1,230","1,180","1,340","1,320","1,460","1,570","1,430","1,280","1,010","1,380"
,Wenya,"4,440",380,390,280,190,200,280,500,600,470,310,230,230,180,220
,Yunnan,"36,540","1,530","1,930","2,500","3,070","3,260","2,560","2,670","2,830","2,860","3,160","3,230","2,600","1,990","2,350"
Kallang,Total,"51,040","2,280","2,350","2,340","2,440","2,620","2,940","3,700","4,060","4,340","4,110","4,290","4,140","3,580","7,880"
,Bendemeer,"16,650",860,780,720,790,920,"1,090","1,430","1,380","1,340","1,230","1,260","1,310","1,160","2,390"
,Boon Keng,"5,470",250,210,250,270,300,350,430,430,430,450,460,460,390,790
,Crawford,"5,490",160,160,190,190,230,250,280,310,370,400,550,570,490,"1,340"
,Geylang Bahru,"6,640",230,290,340,370,360,370,440,490,580,570,630,520,420,"1,030"
,Kallang Bahru,-,-,-,-,-,-,-,-,-,-,-,-,-,-,-
,Kampong Bugis,440,10,10,20,30,40,30,30,40,30,20,40,50,40,60
,Kampong Java,"5,590",270,320,290,280,300,290,360,480,490,450,460,410,370,840
,Lavender,"5,490",210,260,250,250,260,320,390,410,500,430,470,450,410,890
,Tanjong Rhu,"5,270",280,310,280,260,210,250,340,530,600,560,430,380,300,540
Lim Chu Kang,Total,-,-,-,-,-,-,-,-,-,-,-,-,-,-,-
,Lim Chu Kang,-,-,-,-,-,-,-,-,-,-,-,-,-,-,-
Mandai,Total,990,50,60,80,70,70,70,60,80,90,80,90,60,40,100
,Mandai East,-,-,-,-,-,-,-,-,-,-,-,-,-,-,-
,Mandai Estate,990,50,60,80,70,70,70,60,80,90,80,90,60,40,100
,Mandai West,-,-,-,-,-,-,-,-,-,-,-,-,-,-,-
Marina East,Total,-,-,-,-,-,-,-,-,-,-,-,-,-,-,-
,Marina East,-,-,-,-,-,-,-,-,-,-,-,-,-,-,-
Marina South,Total,-,-,-,-,-,-,-,-,-,-,-,-,-,-,-
,Marina South,-,-,-,-,-,-,-,-,-,-,-,-,-,-,-
Marine Parade,Total,"23,120","1,140","1,370","1,360","1,250","1,300","1,230","1,350","1,800","2,170","1,950","1,780","1,640","1,390","3,400"
,East Coast,-,-,-,-,-,-,-,-,-,-,-,-,-,-,-
,Katong,"4,700",230,270,280,260,290,230,300,400,470,420,370,330,290,570
,Marina East (Mp),-,-,-,-,-,-,-,-,-,-,-,-,-,-,-
,Marine Parade,"13,590",670,840,790,710,690,720,780,"1,020","1,260","1,130","1,000",960,780,"2,240"
,Mountbatten,"4,820",240,260,280,280,320,280,280,370,440,400,410,350,320,590
Museum,Total,180,10,10,-,10,-,-,10,20,30,20,20,10,10,30
,Bras Basah,-,-,-,-,-,-,-,-,-,-,-,-,-,-,-
,Dhoby Ghaut,90,-,-,-,-,-,-,10,20,10,10,10,-,10,10
,Fort Canning,80,-,10,-,-,-,-,-,10,10,10,10,10,-,10
Newton,Total,"3,100",140,260,140,150,110,120,160,220,340,300,290,220,220,430
,Cairnhill,"1,460",70,120,60,70,50,60,100,110,160,150,130,100,100,210
,Goodwood Park,370,20,40,10,30,10,10,20,30,50,40,30,30,20,40
,Istana Negara,-,-,-,-,-,-,-,-,-,-,-,-,-,-,-
,Monk's Hill,480,10,50,40,30,30,20,20,30,50,50,40,30,20,60
,Newton Circus,110,10,10,10,-,-,10,10,10,10,20,10,10,10,10
,Orange Grove,650,30,30,20,20,30,30,20,40,70,50,80,60,70,110
North-Eastern Islands,Total,-,-,-,-,-,-,-,-,-,-,-,-,-,-,-
,North-Eastern Islands,-,-,-,-,-,-,-,-,-,-,-,-,-,-,-
Novena,Total,"23,100","1,180","1,530","1,280","1,260","1,270","1,250","1,410","1,800","2,250","1,940","1,860","1,630","1,380","3,070"
,Balestier,"15,810",780,840,820,840,890,920,"1,070","1,260","1,490","1,300","1,260","1,150",970,"2,230"
,Dunearn,"1,720",60,90,110,120,120,80,80,80,150,160,160,130,120,280
,Malcolm,"1,210",50,110,70,80,70,60,40,80,110,110,120,90,90,160
,Moulmein,"4,030",280,480,280,200,160,170,210,360,480,360,300,230,180,350
,Mount Pleasant,320,10,20,10,30,30,30,10,20,20,30,20,30,30,50
Orchard,Total,420,20,10,20,10,20,30,20,30,40,40,50,40,40,60
,Boulevard,200,10,10,10,10,10,10,10,20,20,10,20,20,20,30
,Somerset,60,-,-,-,-,-,10,10,-,10,10,10,-,-,10
,Tanglin,160,10,10,10,10,10,10,10,20,20,20,20,10,20,20
Outram,Total,"11,250",620,520,360,390,440,530,910,"1,100",900,800,900,920,830,"2,040"
,China Square,800,30,10,30,40,30,50,60,50,60,60,70,60,80,160
,Chinatown,"5,790",440,350,190,190,210,220,560,800,520,430,400,360,310,820
,Pearl's Hill,"4,450",150,160,140,170,180,230,260,220,300,300,420,480,420,"1,040"
,People's Park,210,-,-,10,-,10,20,30,30,30,10,20,20,20,30
Pasir Ris,Total,"68,050","2,910","3,770","4,950","6,690","6,450","4,120","3,770","4,180","4,940","6,210","7,120","5,110","3,400","4,430"
,Flora Drive,"6,250",310,380,450,500,520,340,310,450,510,560,570,500,360,500
,Loyang East,"1,090",40,50,60,90,100,80,70,70,60,80,100,110,90,110
,Loyang West,90,-,-,-,-,-,-,-,-,-,10,-,-,10,60
,Pasir Ris Central,"11,460",460,650,830,"1,110","1,120",690,640,700,820,"1,040","1,220",890,560,720
,Pasir Ris Drive,"30,200","1,250","1,580","2,090","2,960","3,130","2,030","1,720","1,740","2,010","2,490","3,240","2,360","1,600","1,990"
,Pasir Ris Park,920,50,50,60,80,60,50,50,80,100,100,100,50,40,50
,Pasir Ris Wafer Fab Park,-,-,-,-,-,-,-,-,-,-,-,-,-,-,-
,Pasir Ris West,"18,020",790,"1,070","1,450","1,950","1,510",930,970,"1,130","1,430","1,940","1,880","1,200",750,"1,010"
Paya Lebar,Total,-,-,-,-,-,-,-,-,-,-,-,-,-,-,-
,Airport Road,-,-,-,-,-,-,-,-,-,-,-,-,-,-,-
,Paya Lebar East,-,-,-,-,-,-,-,-,-,-,-,-,-,-,-
,Paya Lebar North,-,-,-,-,-,-,-,-,-,-,-,-,-,-,-
,Paya Lebar West,-,-,-,-,-,-,-,-,-,-,-,-,-,-,-
,Plab,-,-,-,-,-,-,-,-,-,-,-,-,-,-,-
Pioneer,Total,-,-,-,-,-,-,-,-,-,-,-,-,-,-,-
,Benoi Sector,-,-,-,-,-,-,-,-,-,-,-,-,-,-,-
,Gul Basin,-,-,-,-,-,-,-,-,-,-,-,-,-,-,-
,Gul Circle,-,-,-,-,-,-,-,-,-,-,-,-,-,-,-
,Joo Koon,-,-,-,-,-,-,-,-,-,-,-,-,-,-,-
,Pioneer Sector,-,-,-,-,-,-,-,-,-,-,-,-,-,-,-
Punggol,Total,"48,380","5,360","4,140","2,840","2,010","1,790","2,690","6,530","6,140","4,920","3,010","2,610","2,070","1,630","2,620"
,Coney Island,-,-,-,-,-,-,-,-,-,-,-,-,-,-,-
,Matilda,"12,660","1,800",840,570,410,390,870,"2,450","1,640","1,010",670,580,440,380,620
,Northshore,150,-,10,10,10,10,10,10,10,10,20,10,30,10,20
,Punggol Canal,-,-,-,-,-,-,-,-,-,-,-,-,-,-,-
,Punggol Field,"21,600","1,600","2,050","1,630","1,120","1,000","1,090","1,630","2,490","2,650","1,620","1,400","1,140",840,"1,330"
,Punggol Town Centre,"2,420",450,210,70,60,50,70,530,430,190,100,80,60,60,100
,Waterway East,"11,550","1,520","1,030",570,420,350,650,"1,910","1,580","1,060",610,540,410,350,550
Queenstown,Total,"46,530","2,280","2,310","2,250","2,470","2,490","2,820","3,410","3,670","4,060","3,800","3,720","3,210","2,830","7,220"
,Commonwealth,"3,880",160,170,150,170,190,280,290,250,320,320,370,300,230,670
,Dover,"6,500",360,450,380,430,380,360,470,510,540,560,500,410,340,820
,Ghim Moh,"5,610",270,270,270,300,290,360,440,420,450,390,410,360,320,"1,060"
,Holland Drive,"6,630",280,250,300,280,320,380,450,540,650,520,500,410,420,"1,340"
,Kent Ridge,520,10,30,10,30,20,60,50,30,50,50,40,50,30,70
,Margaret Drive,"4,640",320,270,220,210,210,280,400,490,420,360,330,290,240,600
,Mei Chin,"8,110",340,400,410,510,510,480,510,520,660,680,720,640,560,"1,170"
,National University Of S'pore,80,-,-,-,10,10,10,10,-,10,10,10,-,-,-
,One North,300,20,20,10,10,10,10,30,30,50,50,30,10,10,20
,Pasir Panjang 1,"1,890",100,100,100,100,120,140,130,170,170,160,160,130,120,200
,Pasir Panjang 2,"1,700",80,70,80,120,110,120,110,100,130,150,130,140,170,190
,Port,80,-,-,-,-,10,-,-,10,10,10,10,10,-,10
,Queensway,140,10,-,-,10,10,10,10,10,20,10,20,10,10,20
,Singapore Polytechnic,70,10,10,10,10,10,-,10,10,10,10,-,10,-,-
,Tanglin Halt,"6,380",320,290,290,280,290,340,510,580,570,530,500,450,370,"1,060"
River Valley,Total,"4,210",190,230,210,180,190,190,280,400,500,450,360,290,270,490
,Institution Hill,"1,550",90,100,80,60,60,80,110,190,220,150,110,80,80,140
,Leonie Hill,"1,130",30,60,60,60,50,40,80,100,140,140,100,90,70,110
,One Tree Hill,830,30,30,30,50,40,40,40,50,70,100,80,90,70,120
,Oxley,630,30,30,40,20,30,30,40,60,60,50,60,30,40,110
,Paterson,80,-,10,-,-,10,-,10,10,10,10,10,10,10,10
Rochor,Total,"7,480",280,300,270,330,340,460,550,650,680,580,610,590,520,"1,310"
,Bencoolen,710,40,20,20,30,20,50,50,60,70,60,70,70,40,110
,Farrer Park,"1,680",70,100,70,70,60,100,140,160,170,130,120,110,110,260
,Kampong Glam,130,-,-,-,-,-,10,10,10,10,10,10,10,10,50
,Little India,"2,060",50,70,90,110,110,120,140,150,180,160,170,180,150,390
,Mackenzie,-,-,-,-,-,-,-,-,-,-,-,-,-,-,-
,Mount Emily,480,30,30,10,10,10,30,50,80,70,50,30,30,20,40
,Rochor Canal,-,-,-,-,-,-,-,-,-,-,-,-,-,-,-
,Selegie,140,-,-,-,10,10,10,10,20,10,10,10,10,20,20
,Sungei Road,"1,220",50,50,50,60,70,90,70,90,100,80,100,90,90,230
,Victoria,"1,000",20,20,20,40,50,60,70,80,70,70,100,90,80,210
Seletar,Total,140,10,10,10,10,-,-,-,10,20,20,10,10,10,10
,Pulau Punggol Barat,-,-,-,-,-,-,-,-,-,-,-,-,-,-,-
,Pulau Punggol Timor,-,-,-,-,-,-,-,-,-,-,-,-,-,-,-
,Seletar,140,10,10,10,10,-,-,-,10,20,20,10,10,10,10
,Seletar Aerospace Park,-,-,-,-,-,-,-,-,-,-,-,-,-,-,-
Sembawang,Total,"37,450","2,320","2,800","2,770","2,370","2,320","2,430","3,060","3,560","3,660","3,100","2,860","2,310","1,650","2,250"
,Admiralty,"6,620",450,570,460,370,360,400,530,690,700,500,510,370,250,450
,Sembawang Central,"14,560",790,950,"1,110","1,000","1,010","1,030","1,160","1,260","1,410","1,250","1,140","1,000",680,770
,Sembawang East,60,-,-,-,-,-,10,-,-,10,-,-,-,10,10
,Sembawang North,"13,260",930,"1,090",990,780,750,830,"1,230","1,380","1,300","1,070",960,750,550,650
,Sembawang Springs,"2,060",80,130,160,140,130,120,90,160,160,200,180,120,110,280
,Sembawang Straits,870,60,50,50,70,70,50,40,60,80,80,80,70,40,80
,Senoko North,-,-,-,-,-,-,-,-,-,-,-,-,-,-,-
,Senoko South,-,-,-,-,-,-,-,-,-,-,-,-,-,-,-
,The Wharves,-,-,-,-,-,-,-,-,-,-,-,-,-,-,-
Sengkang,Total,"94,600","7,000","7,240","6,300","5,760","5,260","5,710","8,660","9,760","9,170","7,280","6,650","5,900","4,200","5,720"
,Anchorvale,"15,610","1,120","1,510","1,150",770,760,850,"1,210","1,700","1,960","1,190",970,890,630,910
,Compassvale,"7,920",890,790,420,290,230,370,920,"1,400",770,460,410,320,260,390
,Fernvale,"14,390","1,690","1,170",680,550,540,880,"2,080","1,810","1,220",880,750,700,510,920
,Lorong Halus North,-,-,-,-,-,-,-,-,-,-,-,-,-,-,-
,Rivervale,"29,300","1,590","1,940","2,090","2,150","1,990","1,970","2,090","2,400","2,700","2,380","2,400","2,160","1,530","1,920"
,Sengkang Town Centre,"27,390","1,720","1,830","1,960","2,000","1,740","1,650","2,360","2,440","2,520","2,380","2,120","1,820","1,270","1,580"
,Sengkang West,-,-,-,-,-,-,-,-,-,-,-,-,-,-,-
Serangoon,Total,"59,140","2,170","2,740","3,400","4,230","4,700","4,570","3,700","3,630","4,130","4,300","4,830","5,210","4,380","7,140"
,Lorong Chuan,"4,060",160,230,290,350,330,250,170,210,280,350,380,350,240,480
,Seletar Hills,"6,420",250,290,390,500,570,480,310,350,420,440,520,550,490,880
,Serangoon Central,"12,870",450,550,700,790,940,"1,110",910,770,"1,000",870,"1,000","1,220","1,010","1,550"
,Serangoon Garden,"19,120",670,800,"1,010","1,260","1,440","1,490","1,250","1,220","1,290","1,340","1,470","1,700","1,520","2,660"
,Serangoon North,"8,900",350,480,600,810,810,600,550,610,670,750,820,690,560,620
,Serangoon North Ind Estate,-,-,-,-,-,-,-,-,-,-,-,-,-,-,-
,Upper Paya Lebar,"7,760",290,390,400,530,620,640,510,480,480,550,640,700,560,960
Simpang,Total,-,-,-,-,-,-,-,-,-,-,-,-,-,-,-
,Pulau Seletar,-,-,-,-,-,-,-,-,-,-,-,-,-,-,-
,Simpang North,-,-,-,-,-,-,-,-,-,-,-,-,-,-,-
,Simpang South,-,-,-,-,-,-,-,-,-,-,-,-,-,-,-
,Tanjong Irau,-,-,-,-,-,-,-,-,-,-,-,-,-,-,-
Singapore River,Total,"1,240",80,70,50,50,30,40,130,160,180,130,90,70,50,110
,Boat Quay,90,-,-,-,-,-,-,20,10,10,10,10,10,-,30
,Clarke Quay,80,-,-,-,-,-,-,10,10,10,10,10,10,-,10
,Robertson Quay,"1,060",70,60,40,40,30,30,100,140,150,120,80,60,50,80
Southern Islands,Total,680,50,30,30,30,30,30,20,50,80,100,100,60,40,40
,Sentosa,680,50,30,30,30,30,30,20,50,80,100,100,60,40,40
,Southern Group,-,-,-,-,-,-,-,-,-,-,-,-,-,-,-
Straits View,Total,-,-,-,-,-,-,-,-,-,-,-,-,-,-,-
,Straits View,-,-,-,-,-,-,-,-,-,-,-,-,-,-,-
Sungei Kadut,Total,400,10,20,20,20,30,40,20,30,40,30,20,30,20,70
,Gali Batu,-,-,-,-,-,-,-,-,-,-,-,-,-,-,-
,Kranji,-,-,-,-,-,-,-,-,-,-,-,-,-,-,-
,Pang Sua,-,-,-,-,-,-,-,-,-,-,-,-,-,-,-
,Reservoir View,-,-,-,-,-,-,-,-,-,-,-,-,-,-,-
,Turf Club,330,10,10,20,20,30,30,20,20,30,20,20,20,20,60
Tampines,Total,"127,010","5,640","6,380","7,440","9,810","11,000","9,980","8,970","8,600","8,630","9,610","11,070","10,800","8,430","10,650"
,Simei,"21,060","1,000","1,100","1,240","1,560","1,730","1,480","1,510","1,710","1,660","1,520","1,800","1,690","1,330","1,740"
,Tampines East,"67,120","2,980","3,280","3,820","5,200","5,880","5,350","4,810","4,370","4,310","5,140","5,920","5,750","4,520","5,780"
,Tampines North,-,-,-,-,-,-,-,-,-,-,-,-,-,-,-
,Tampines West,"37,850","1,640","1,950","2,310","2,970","3,290","3,070","2,600","2,480","2,600","2,880","3,230","3,260","2,520","3,070"
,Xilin,980,20,50,70,90,90,80,50,50,60,80,120,110,60,60
Tanglin,Total,"8,490",420,510,500,460,420,360,440,680,890,850,780,590,520,"1,070"
,Chatsworth,"2,510",110,140,130,120,110,110,170,260,310,270,210,180,130,280
,Nassim,"3,690",210,240,220,190,190,150,160,260,380,390,360,250,230,470
,Ridout,650,30,30,40,30,30,30,40,60,40,40,70,50,50,110
,Tyersall,"1,630",70,100,100,120,90,70,70,110,160,150,140,110,110,230
Tengah,Total,-,-,-,-,-,-,-,-,-,-,-,-,-,-,-
,Tengah,-,-,-,-,-,-,-,-,-,-,-,-,-,-,-
Toa Payoh,Total,"60,770","2,670","2,970","3,090","3,450","3,640","3,730","4,140","4,480","4,950","4,750","4,940","4,830","3,970","9,160"
,Bidadari,-,-,-,-,-,-,-,-,-,-,-,-,-,-,-
,Boon Teck,"7,480",290,350,400,440,460,460,430,410,530,570,690,660,530,"1,270"
,Braddell,"5,190",210,270,260,310,320,320,370,330,380,410,430,440,330,790
,Joo Seng,"3,430",130,210,170,200,200,240,190,260,290,260,280,280,220,500
,Kim Keat,"4,250",160,190,190,250,340,310,280,270,340,320,370,390,280,570
,Lorong 8 Toa Payoh,"4,050",130,160,190,260,260,260,230,270,280,310,340,330,300,730
,Pei Chun,"5,790",220,300,330,330,300,310,350,410,530,520,480,470,360,890
,Potong Pasir,"6,460",270,290,360,320,390,460,490,460,530,500,470,500,550,860
,Sennett,"2,110",60,90,120,140,150,140,120,120,130,130,150,200,160,410
,Toa Payoh Central,"14,520",940,780,720,820,750,790,"1,200","1,380","1,290","1,130","1,090","1,010",760,"1,870"
,Toa Payoh West,"6,290",210,240,270,320,370,390,400,470,520,500,550,450,410,"1,200"
,Woodleigh,"1,200",60,100,70,70,90,70,90,90,130,100,90,90,80,80
Tuas,Total,-,-,-,-,-,-,-,-,-,-,-,-,-,-,-
,Tengeh,-,-,-,-,-,-,-,-,-,-,-,-,-,-,-
,Tuas Bay,-,-,-,-,-,-,-,-,-,-,-,-,-,-,-
,Tuas North,-,-,-,-,-,-,-,-,-,-,-,-,-,-,-
,Tuas Promenade,-,-,-,-,-,-,-,-,-,-,-,-,-,-,-
,Tuas View,-,-,-,-,-,-,-,-,-,-,-,-,-,-,-
,Tuas View Extension,-,-,-,-,-,-,-,-,-,-,-,-,-,-,-
Western Islands,Total,-,-,-,-,-,-,-,-,-,-,-,-,-,-,-
,Jurong Island And Bukom,-,-,-,-,-,-,-,-,-,-,-,-,-,-,-
,Semakau,-,-,-,-,-,-,-,-,-,-,-,-,-,-,-
,Sudong,-,-,-,-,-,-,-,-,-,-,-,-,-,-,-
Western Water Catchment,Total,410,20,20,30,20,20,30,20,40,50,30,50,40,20,20
,Western Water Catchment,410,20,20,30,20,20,30,20,40,50,30,50,40,20,20
Woodlands,Total,"125,920","6,380","7,650","9,380","10,910","10,010","8,920","9,330","9,160","10,300","11,470","10,740","8,400","5,570","7,710"
,Greenwood Park,-,-,-,-,-,-,-,-,-,-,-,-,-,-,-
,Midview,"18,000",850,"1,010","1,410","1,880","1,590","1,290","1,210","1,120","1,290","1,800","1,680","1,140",720,"1,000"
,North Coast,"7,630",290,320,430,550,630,560,520,500,510,630,750,610,480,860
,Senoko West,-,-,-,-,-,-,-,-,-,-,-,-,-,-,-
,Woodgrove,"17,850",750,950,"1,280","1,830","1,720","1,290","1,160","1,110","1,290","1,840","1,600","1,260",770,"1,000"
,Woodlands East,"47,660","2,520","3,290","3,880","4,020","3,470","3,190","3,730","3,840","4,490","4,370","3,900","2,940","1,850","2,180"
,Woodlands Regional Centre,-,-,-,-,-,-,-,-,-,-,-,-,-,-,-
,Woodlands South,"18,060","1,230","1,330","1,460","1,350","1,160","1,270","1,510","1,570","1,620","1,460","1,270","1,050",790,"1,000"
,Woodlands West,"16,680",730,750,910,"1,280","1,460","1,310","1,190","1,010","1,100","1,370","1,540","1,400",950,"1,670"
Yishun,Total,"95,540","4,640","4,830","5,470","6,180","7,630","7,690","7,690","6,900","7,250","7,420","8,500","7,570","5,820","7,950"
,Khatib,"5,480",190,240,270,360,480,450,430,350,390,390,540,500,390,510
,Lower Seletar,550,30,50,60,50,30,20,20,40,60,50,60,30,20,40
,Nee Soon,420,30,20,20,30,20,30,20,30,50,30,40,20,30,60
,Northland,"15,570",620,800,980,"1,050","1,280","1,280","1,190","1,150","1,180","1,220","1,420","1,310",930,"1,150"
,Springleaf,"1,950",80,90,110,140,190,160,110,110,120,120,160,150,150,260
,Yishun Central,780,40,30,30,60,70,70,70,50,30,40,90,70,60,70
,Yishun East,"22,030","1,610","1,230","1,300","1,460","1,720","1,670","2,250","1,760","1,700","1,590","1,890","1,460","1,060","1,330"
,Yishun South,"19,680",790,990,"1,080","1,270","1,710","1,680","1,400","1,370","1,460","1,460","1,780","1,600","1,260","1,820"
,Yishun West,"29,070","1,240","1,390","1,620","1,760","2,130","2,340","2,190","2,050","2,240","2,500","2,530","2,440","1,920","2,730"
,,,,,,,,,,,,,,,,
,,,,,,,,,,,,,,,,
Notes:  1) Planning areas refer to areas demarcated in the Urban Redevelopment Authority's Master Plan 2014.       ,,,,,,,,,,,,,,,,
               2) Data from 2003 onwards exclude residents who have been away from Singapore for a continuous period of 12 months or longer as at the reference period.   ,,,,,,,,,,,,,,,,
"               3) ""-"" Nil or negligble.   ",,,,,,,,,,,,,,,,
               4) The figures have been rounded to the nearest 10. ,,,,,,,,,,,,,,,,
               5) The data may not add up due to rounding.,,,,,,,,,,,,,,,,
,,,,,,,,,,,,,,,,
"Table A1.2 Singapore Residents by Planning Area/Subzone, Age Group and Sex, June 2014 (contâ€™d)",,,,,,,,,,,,,,,,
,,,,,,,,,,,,,,,,
Planning Area,Subzone,Total,0 - 4,5 - 9,10 - 14,15 - 19,20 - 24,25 - 29,30 - 34,35 - 39,40 - 44,45 - 49,50 - 54,55 - 59,60 - 64,65 & Over
,,Females (Number),,,,,,,,,,,,,,
Total,Total,"1,968,330","88,840","101,200","107,840","120,820","131,020","136,360","153,330","157,070","161,700","155,340","156,770","144,080","116,290","237,680"
Ang Mo Kio,Total,"92,180","3,490","3,990","4,280","4,720","5,320","6,020","6,910","7,120","7,300","6,900","7,110","7,250","6,870","14,900"
,Ang Mo Kio Town Centre,"2,600",120,150,150,150,120,150,200,250,260,190,190,170,150,350
,Cheng San,"15,630",630,590,650,680,810,"1,050","1,440","1,280","1,270","1,150","1,170","1,270","1,220","2,420"
,Chong Boon,"14,680",500,530,590,650,770,970,"1,140","1,160","1,080","1,120","1,130","1,200","1,170","2,670"
,Kebun Bahru,"12,710",400,560,570,620,740,800,880,970,"1,020","1,000",940,"1,010",980,"2,230"
,Sembawang Hills,"3,640",130,180,250,300,280,210,170,210,270,280,310,250,240,560
,Shangri-La,"9,780",390,430,440,530,580,640,690,700,720,780,770,700,710,"1,700"
,Tagore,"4,370",180,200,270,280,390,300,240,270,340,350,390,380,250,540
,Townsville,"12,680",570,500,480,530,630,820,"1,060","1,050",960,810,910,"1,000",960,"2,410"
,Yio Chu Kang,-,-,-,-,-,-,-,-,-,-,-,-,-,-,-
,Yio Chu Kang East,"2,120",90,100,130,160,160,150,130,120,170,160,190,170,160,240
,Yio Chu Kang North,-,-,-,-,-,-,-,-,-,-,-,-,-,-,-
,Yio Chu Kang West,"13,950",500,750,760,810,830,930,980,"1,100","1,210","1,070","1,110","1,090","1,040","1,780"
Bedok,Total,"149,990","5,950","6,910","7,590","8,480","9,920","10,090","10,680","11,290","11,620","11,160","12,170","11,850","10,360","21,940"
,Bayshore,"3,870",220,280,250,200,170,180,340,440,460,350,260,210,170,360
,Bedok North,"45,020","1,710","1,940","2,180","2,480","2,970","2,920","3,340","3,320","3,410","3,310","3,660","3,540","3,310","6,930"
,Bedok Reservoir,"12,420",600,690,800,720,750,860,940,"1,040","1,070",970,950,990,780,"1,260"
,Bedok South,"26,700","1,020","1,130","1,240","1,540","1,700","1,740","1,770","1,880","2,000","2,020","2,170","2,070","1,930","4,500"
,Frankel,"17,390",770,"1,060",940,920,"1,000",990,"1,170","1,530","1,560","1,340","1,250","1,180","1,060","2,640"
,Kaki Bukit,"21,080",770,890,"1,080","1,340","1,710","1,760","1,510","1,430","1,460","1,470","1,980","1,920","1,450","2,330"
,Kembangan,"19,650",750,780,910,"1,090","1,330","1,430","1,420","1,360","1,340","1,450","1,600","1,670","1,390","3,160"
,Siglap,"3,850",120,140,190,200,290,210,200,290,320,270,310,270,280,770
Bishan,Total,"47,200","1,730","2,110","2,290","2,780","3,340","3,230","3,080","3,380","3,820","3,720","4,170","3,980","3,170","6,410"
,Bishan East,"15,290",570,680,680,760,"1,080","1,190","1,030","1,110","1,220","1,100","1,320","1,340","1,180","2,060"
,Marymount,"16,070",690,730,800,"1,090","1,200","1,080","1,150","1,250","1,340","1,380","1,480","1,300",920,"1,680"
,Upper Thomson,"15,830",470,700,810,930,"1,060",960,900,"1,020","1,260","1,240","1,370","1,350","1,080","2,680"
Boon Lay,Total,-,-,-,-,-,-,-,-,-,-,-,-,-,-,-
,Liu Fang,-,-,-,-,-,-,-,-,-,-,-,-,-,-,-
,Samulun,-,-,-,-,-,-,-,-,-,-,-,-,-,-,-
,Shipyard,-,-,-,-,-,-,-,-,-,-,-,-,-,-,-
,Tukang,-,-,-,-,-,-,-,-,-,-,-,-,-,-,-
Bukit Batok,Total,"71,800","2,880","3,610","4,210","4,700","5,030","5,480","5,420","5,490","5,830","5,800","6,360","5,810","4,290","6,890"
,Brickworks,-,-,-,-,-,-,-,-,-,-,-,-,-,-,-
,Bukit Batok Central,"13,490",560,660,760,790,930,"1,080","1,010","1,040","1,080","1,040","1,110","1,120",860,"1,450"
,Bukit Batok East,"7,470",250,370,370,400,500,620,600,570,530,570,680,710,500,810
,Bukit Batok South,"7,190",280,360,450,590,600,560,510,490,590,660,690,570,330,510
,Bukit Batok West,"7,920",290,430,450,510,480,600,640,620,610,580,690,660,540,820
,Gombak,"4,940",290,270,230,270,240,320,530,500,360,320,350,350,280,630
,Guilin,"6,900",310,380,410,440,430,500,550,600,630,590,590,450,410,630
,Hillview,"9,470",340,460,700,830,730,560,510,620,880,960,920,700,510,770
,Hong Kah North,"14,420",570,690,830,850,"1,130","1,230","1,090","1,040","1,170","1,070","1,330","1,260",880,"1,280"
Bukit Merah,Total,"80,800","3,680","3,680","3,270","3,470","3,900","4,850","6,290","6,780","6,400","5,630","5,660","5,820","5,800","15,580"
,Alexandra Hill,"8,100",310,350,340,420,480,500,520,560,590,590,640,610,620,"1,590"
,Alexandra North,530,30,40,30,40,20,30,40,70,60,50,30,30,20,40
,Bukit Ho Swee,"8,360",370,300,290,350,410,560,710,570,570,520,600,690,620,"1,810"
,Bukit Merah,620,20,30,30,30,30,40,40,50,50,40,50,50,50,110
,City Terminals,-,-,-,-,-,-,-,-,-,-,-,-,-,-,-
,Depot Road,"2,590",150,150,100,120,110,130,220,310,240,180,180,150,180,390
,Everton Park,"4,760",220,220,190,160,200,320,340,420,400,340,290,370,380,920
,Henderson Hill,"6,980",300,300,300,340,370,410,420,460,530,520,540,470,490,"1,520"
,Kampong Tiong Bahru,"5,310",170,210,220,220,250,330,340,390,410,380,370,440,430,"1,150"
,Maritime Square,"1,240",100,90,60,50,50,50,140,150,140,120,80,80,60,80
,Redhill,"6,340",420,340,280,290,320,370,580,640,480,450,410,370,330,"1,070"
,Singapore General Hospital,-,-,-,-,-,-,-,-,-,-,-,-,-,-,-
,Telok Blangah Drive,"8,440",340,360,360,350,390,510,690,670,700,590,600,580,660,"1,650"
,Telok Blangah Rise,"7,310",220,270,280,350,420,410,480,580,580,480,500,600,680,"1,460"
,Telok Blangah Way,"5,450",240,250,200,220,250,300,400,450,450,360,400,410,400,"1,130"
,Tiong Bahru,"5,900",320,280,210,160,200,360,540,620,440,390,380,410,420,"1,180"
,Tiong Bahru Station,"8,830",480,510,390,370,410,530,820,830,760,620,600,560,460,"1,500"
Bukit Panjang,Total,"66,780","3,140","3,730","4,100","4,570","5,150","4,970","4,970","5,190","5,530","5,340","5,800","4,860","3,500","5,940"
,Bangkit,"12,350",440,520,660,830,"1,060",930,730,830,860,"1,030","1,200","1,020",760,"1,470"
,Dairy Farm,"2,300",80,120,150,160,190,160,120,160,210,180,220,190,140,200
,Fajar,"12,710",770,770,750,790,"1,000",990,"1,150","1,010","1,010",970,"1,020",830,590,"1,060"
,Jelebu,"17,310",650,880,"1,050","1,280","1,360","1,270","1,080","1,260","1,460","1,470","1,620","1,330",990,"1,620"
,Nature Reserve,"2,060",90,140,140,150,150,130,140,150,200,180,180,130,120,180
,Saujana,"10,980",490,640,690,820,860,890,890,820,920,840,970,860,550,760
,Senja,"9,090",630,670,660,540,530,600,880,960,880,670,590,500,360,640
Bukit Timah,Total,"39,480","1,630","2,680","2,450","2,590","2,720","2,310","2,040","2,810","3,670","3,190","3,120","2,720","2,330","5,260"
,Anak Bukit,"11,630",400,610,650,780,960,790,610,770,940,920,980,960,740,"1,520"
,Coronation Road,"3,340",150,260,220,190,220,190,170,240,340,260,240,180,180,500
,Farrer Court,"1,960",90,100,110,100,100,110,120,130,150,140,160,140,140,370
,Hillcrest,"4,880",240,410,340,310,310,230,230,370,470,420,370,310,220,650
,Holland Road,"5,690",280,540,420,430,360,280,280,430,610,450,410,300,280,620
,Leedon Park,"3,360",160,190,190,210,190,190,200,260,340,290,260,240,210,450
,Swiss Club,"2,960",110,230,180,200,220,180,170,200,280,250,220,180,170,380
,Ulu Pandan,"5,660",200,340,340,370,370,340,270,400,520,470,470,400,390,780
Central Water Catchment,Total,-,-,-,-,-,-,-,-,-,-,-,-,-,-,-
,Central Water Catchment,-,-,-,-,-,-,-,-,-,-,-,-,-,-,-
Changi,Total,"1,220",90,110,90,70,70,60,100,140,130,100,70,50,40,110
,Changi Airport,-,-,-,-,-,-,-,-,-,-,-,-,-,-,-
,Changi Point,370,10,20,20,10,30,20,20,20,30,40,40,30,20,70
,Changi West,850,90,100,80,60,50,40,80,120,100,60,30,20,10,40
Changi Bay,Total,-,-,-,-,-,-,-,-,-,-,-,-,-,-,-
,Changi Bay,-,-,-,-,-,-,-,-,-,-,-,-,-,-,-
Choa Chu Kang,Total,"87,880","3,750","4,710","6,080","7,360","7,090","6,000","6,320","6,370","7,690","8,550","7,470","5,730","3,980","6,800"
,Choa Chu Kang Central,"10,520",390,540,700,870,940,740,690,740,920,"1,060",990,640,480,830
,Choa Chu Kang North,"17,580",640,960,"1,460","1,880","1,500","1,070","1,000","1,020","1,640","2,120","1,450","1,020",650,"1,180"
,Keat Hong,"7,990",310,380,550,730,710,540,530,560,650,820,730,540,350,600
,Peng Siang,"15,730",670,800,"1,030","1,240","1,280","1,150","1,230","1,140","1,280","1,430","1,380","1,090",800,"1,220"
,Teck Whye,"13,650",560,570,780,"1,010","1,180","1,040",920,810,"1,010","1,150","1,260","1,050",820,"1,500"
,Yew Tee,"22,410","1,190","1,470","1,560","1,640","1,480","1,460","1,940","2,100","2,200","1,980","1,660","1,390",870,"1,480"
Clementi,Total,"47,460","1,890","2,180","2,280","2,280","2,500","2,990","3,590","3,810","3,950","3,560","3,520","3,570","3,770","7,560"
,Clementi Central,"7,130",290,350,340,320,350,430,570,580,620,510,510,550,560,"1,160"
,Clementi North,"14,810",480,550,580,610,680,910,"1,080","1,200","1,180","1,040","1,080","1,160","1,340","2,930"
,Clementi West,"8,480",350,370,440,440,490,520,700,660,680,640,640,700,700,"1,150"
,Clementi Woods,"8,440",400,390,410,420,480,630,700,630,660,610,650,550,620,"1,280"
,Faber,"2,250",90,150,140,150,140,140,120,180,210,220,180,150,130,260
,Pandan,-,-,-,-,-,-,-,-,-,-,-,-,-,-,-
,Sunset Way,"3,410",120,150,170,190,210,230,220,220,260,300,270,300,280,510
,Toh Tuck,-,-,-,-,-,-,-,-,-,-,-,-,-,-,-
,West Coast,"2,910",150,220,210,160,160,130,200,320,340,230,200,170,160,280
Downtown Core,Total,"1,840",60,50,50,60,80,130,150,200,160,150,120,120,140,370
,Anson,-,-,-,-,-,-,-,-,-,-,-,-,-,-,-
,Bayfront Subzone,-,-,-,-,-,-,-,-,-,-,-,-,-,-,-
,Bugis,"1,250",40,20,30,50,50,90,80,110,80,90,90,100,120,330
,Cecil,70,-,-,10,-,-,10,10,10,10,10,-,-,-,-
,Central Subzone,210,10,10,10,10,10,10,30,30,30,20,20,10,10,10
,City Hall,-,-,-,-,-,-,-,-,-,-,-,-,-,-,-
,Clifford Pier,-,-,-,-,-,-,-,-,-,-,-,-,-,-,-
,Marina Centre,-,-,-,-,-,-,-,-,-,-,-,-,-,-,-
,Maxwell,-,-,-,-,-,-,-,-,-,-,-,-,-,-,-
,Phillip,-,-,-,-,-,-,-,-,-,-,-,-,-,-,-
,Raffles Place,-,-,-,-,-,-,-,-,-,-,-,-,-,-,-
,Tanjong Pagar,220,-,10,10,-,10,20,30,40,30,20,10,10,10,20
Geylang,Total,"59,990","2,330","2,720","2,870","3,240","3,830","4,140","4,380","4,700","4,550","4,510","4,770","4,630","3,890","9,430"
,Aljunied,"21,430",810,"1,030",990,"1,090","1,290","1,440","1,550","1,800","1,790","1,560","1,670","1,600","1,370","3,440"
,Geylang East,"17,260",830,770,790,890,"1,040","1,160","1,440","1,430","1,280","1,240","1,230","1,330","1,150","2,680"
,Kallang Way,-,-,-,-,-,-,-,-,-,-,-,-,-,-,-
,Kampong Ubi,"6,710",240,310,360,420,580,620,500,490,440,490,640,590,420,610
,Macpherson,"14,580",460,600,730,840,930,910,890,980,"1,050","1,220","1,230","1,120",960,"2,690"
Hougang,Total,"111,250","4,040","4,890","5,980","7,320","8,220","7,930","7,630","7,830","8,610","8,860","9,930","9,270","7,020","13,720"
,Defu Industrial Park,-,-,-,-,-,-,-,-,-,-,-,-,-,-,-
,Hougang Central,"2,460",80,110,140,170,170,170,150,160,200,210,250,200,140,310
,Hougang East,"9,830",320,360,440,710,870,800,710,650,600,790,"1,020",840,630,"1,070"
,Hougang West,"25,920",840,950,"1,190","1,630","2,150","2,090","1,800","1,660","1,830","2,070","2,530","2,410","1,770","3,000"
,Kangkar,"12,570",470,530,700,780,840,840,800,910,"1,050","1,030","1,120","1,030",780,"1,700"
,Kovan,"12,890",480,550,700,870,"1,020",920,820,890,"1,040",950,"1,100","1,100",790,"1,670"
,Lorong Ah Soo,"17,770",580,740,930,"1,080","1,120","1,130","1,290","1,280","1,320","1,320","1,400","1,540","1,280","2,770"
,Lorong Halus,-,-,-,-,-,-,-,-,-,-,-,-,-,-,-
,Tai Seng,"7,510",280,390,450,520,540,500,490,500,590,600,590,590,470,"1,020"
,Trafalgar,"22,300","1,000","1,260","1,420","1,570","1,510","1,490","1,570","1,780","1,980","1,890","1,910","1,570","1,160","2,190"
Jurong East,Total,"43,360","1,730","1,990","2,250","2,500","2,900","3,380","3,410","3,280","3,390","3,180","3,450","3,600","3,120","5,170"
,International Business Park,-,-,-,-,-,-,-,-,-,-,-,-,-,-,-
,Jurong Gateway,-,-,-,-,-,-,-,-,-,-,-,-,-,-,-
,Jurong Port,-,-,-,-,-,-,-,-,-,-,-,-,-,-,-
,Jurong River,-,-,-,-,-,-,-,-,-,-,-,-,-,-,-
,Lakeside,520,20,20,10,20,30,50,40,40,40,40,40,50,50,80
,Penjuru Crescent,-,-,-,-,-,-,-,-,-,-,-,-,-,-,-
,Teban Gardens,"9,620",440,460,500,500,610,680,850,780,680,650,670,730,820,"1,260"
,Toh Guan,"8,460",370,410,490,550,620,670,640,640,740,650,760,730,480,710
,Yuhua East,"14,290",500,620,700,810,900,"1,140","1,120","1,080","1,120","1,050","1,120","1,220","1,060","1,880"
,Yuhua West,"10,460",410,490,550,630,740,840,760,740,820,800,860,880,720,"1,240"
Jurong West,Total,"134,530","6,840","7,900","8,260","8,970","9,460","10,130","12,220","11,740","11,120","10,530","9,740","9,270","7,310","11,040"
,Boon Lay Place,"14,460",850,830,810,940,"1,000","1,200","1,270","1,060","1,180","1,130","1,000",910,840,"1,440"
,Chin Bee,-,-,-,-,-,-,-,-,-,-,-,-,-,-,-
,Hong Kah,"28,800","1,120","1,410","1,670","1,760","2,010","2,230","2,310","2,280","2,310","2,170","2,170","2,390","1,930","3,060"
,Jurong West Central,"34,430","2,240","2,420","2,130","1,910","1,960","2,600","3,910","3,850","3,080","2,310","2,170","2,190","1,570","2,090"
,Kian Teck,-,-,-,-,-,-,-,-,-,-,-,-,-,-,-
,Safti,-,-,-,-,-,-,-,-,-,-,-,-,-,-,-
,Taman Jurong,"17,250",860,970,"1,090","1,270","1,260","1,220","1,410","1,330","1,420","1,440","1,310","1,140",950,"1,590"
,Wenya,"4,270",360,390,240,170,180,330,610,540,330,240,210,200,170,310
,Yunnan,"35,310","1,420","1,890","2,310","2,920","3,070","2,550","2,710","2,690","2,790","3,230","2,880","2,430","1,850","2,560"
Kallang,Total,"51,210","2,190","2,200","2,290","2,380","2,640","3,290","4,020","4,310","4,380","3,660","3,770","3,680","3,450","8,960"
,Bendemeer,"17,270",810,670,710,750,840,"1,180","1,550","1,490","1,410","1,130","1,230","1,320","1,210","2,980"
,Boon Keng,"5,720",250,210,270,240,330,360,490,420,460,430,410,450,380,"1,030"
,Crawford,"4,470",150,180,180,190,230,280,250,300,290,310,360,300,350,"1,110"
,Geylang Bahru,"6,560",200,270,310,340,320,410,420,520,560,490,520,480,450,"1,280"
,Kallang Bahru,-,-,-,-,-,-,-,-,-,-,-,-,-,-,-
,Kampong Bugis,450,20,10,10,20,30,40,50,30,20,20,40,50,40,70
,Kampong Java,"5,770",220,230,240,300,280,350,430,520,530,440,390,390,410,"1,050"
,Lavender,"4,910",240,240,240,210,280,320,400,430,440,340,390,320,320,760
,Tanjong Rhu,"6,070",310,380,350,340,340,340,450,610,670,510,420,380,300,680
Lim Chu Kang,Total,-,-,-,-,-,-,-,-,-,-,-,-,-,-,-
,Lim Chu Kang,-,-,-,-,-,-,-,-,-,-,-,-,-,-,-
Mandai,Total,"1,110",50,60,80,90,90,70,70,100,100,100,90,70,50,100
,Mandai East,-,-,-,-,-,-,-,-,-,-,-,-,-,-,-
,Mandai Estate,"1,110",50,60,80,90,90,70,70,100,100,100,90,70,50,100
,Mandai West,-,-,-,-,-,-,-,-,-,-,-,-,-,-,-
Marina East,Total,-,-,-,-,-,-,-,-,-,-,-,-,-,-,-
,Marina East,-,-,-,-,-,-,-,-,-,-,-,-,-,-,-
Marina South,Total,-,-,-,-,-,-,-,-,-,-,-,-,-,-,-
,Marina South,-,-,-,-,-,-,-,-,-,-,-,-,-,-,-
Marine Parade,Total,"25,890","1,090","1,400","1,370","1,350","1,390","1,390","1,720","2,150","2,420","1,940","1,900","1,700","1,550","4,540"
,East Coast,-,-,-,-,-,-,-,-,-,-,-,-,-,-,-
,Katong,"5,050",200,280,290,290,290,270,350,470,480,370,380,320,300,760
,Marina East (Mp),-,-,-,-,-,-,-,-,-,-,-,-,-,-,-
,Marine Parade,"15,460",660,810,750,740,770,800,990,"1,230","1,430","1,160","1,100","1,020",960,"3,060"
,Mountbatten,"5,380",240,310,330,320,330,320,370,440,510,410,430,360,290,730
Museum,Total,180,10,10,10,10,10,10,20,20,30,20,20,10,10,10
,Bras Basah,-,-,-,-,-,-,-,-,-,-,-,-,-,-,-
,Dhoby Ghaut,100,10,10,-,-,10,10,10,20,10,10,10,10,-,-
,Fort Canning,80,-,10,-,10,-,-,10,10,10,10,10,-,-,10
Newton,Total,"3,560",150,200,170,200,220,200,240,320,390,320,280,250,190,450
,Cairnhill,"1,700",70,90,80,90,100,110,120,160,180,140,130,110,100,230
,Goodwood Park,430,20,40,30,20,30,20,30,40,50,40,30,20,20,50
,Istana Negara,-,-,-,-,-,-,-,-,-,-,-,-,-,-,-
,Monk's Hill,540,20,30,20,40,20,30,40,40,70,40,50,40,20,80
,Newton Circus,110,10,10,-,10,10,-,10,10,20,20,10,10,-,10
,Orange Grove,760,30,30,30,50,60,40,50,70,70,80,70,70,50,80
North-Eastern Islands,Total,-,-,-,-,-,-,-,-,-,-,-,-,-,-,-
,North-Eastern Islands,-,-,-,-,-,-,-,-,-,-,-,-,-,-,-
Novena,Total,"24,690","1,090","1,250","1,180","1,290","1,340","1,390","1,750","2,240","2,240","1,950","1,870","1,670","1,480","3,950"
,Balestier,"16,650",700,740,700,820,880,960,"1,270","1,500","1,410","1,300","1,250","1,180","1,010","2,940"
,Dunearn,"2,060",80,140,140,150,140,100,90,120,170,160,180,130,150,310
,Malcolm,"1,470",70,110,80,80,100,70,60,110,130,120,120,100,90,230
,Moulmein,"4,170",240,250,230,210,200,220,310,490,500,350,290,230,200,430
,Mount Pleasant,340,10,10,30,20,30,20,20,20,20,30,40,30,20,40
Orchard,Total,470,20,30,20,20,30,20,40,50,40,40,40,40,30,60
,Boulevard,200,10,10,10,-,10,10,30,20,30,20,10,20,20,30
,Somerset,70,-,-,-,-,-,-,10,10,10,-,10,10,10,10
,Tanglin,210,10,20,10,10,10,10,10,30,10,20,20,20,10,20
Outram,Total,"11,050",710,520,350,360,450,630,"1,020","1,060",780,720,670,740,790,"2,250"
,China Square,850,20,10,20,30,30,50,50,60,60,60,60,90,100,210
,Chinatown,"6,140",540,360,190,180,200,290,710,750,460,350,330,350,370,"1,060"
,Pearl's Hill,"3,850",140,150,140,160,200,270,240,230,240,290,260,290,310,930
,People's Park,210,10,-,-,-,10,20,20,30,20,10,10,10,20,40
Pasir Ris,Total,"69,450","2,780","3,510","4,630","6,250","6,130","4,010","4,130","4,910","5,590","7,510","6,350","4,640","3,110","5,890"
,Flora Drive,"6,490",250,350,410,520,450,360,380,570,590,650,550,440,300,670
,Loyang East,"1,120",30,50,70,80,90,80,50,80,100,90,120,90,80,120
,Loyang West,120,-,-,-,-,-,-,-,-,-,-,-,-,-,110
,Pasir Ris Central,"11,740",460,580,730,"1,070","1,000",680,710,820,960,"1,260","1,180",810,520,960
,Pasir Ris Drive,"30,610","1,200","1,450","1,930","2,780","3,000","1,870","1,800","1,950","2,190","3,250","2,900","2,200","1,490","2,590"
,Pasir Ris Park,940,60,50,80,70,60,40,70,90,110,100,80,50,30,60
,Pasir Ris Wafer Fab Park,-,-,-,-,-,-,-,-,-,-,-,-,-,-,-
,Pasir Ris West,"18,430",780,"1,020","1,410","1,730","1,530",990,"1,130","1,400","1,630","2,170","1,530","1,050",690,"1,390"
Paya Lebar,Total,-,-,-,-,-,-,-,-,-,-,-,-,-,-,-
,Airport Road,-,-,-,-,-,-,-,-,-,-,-,-,-,-,-
,Paya Lebar East,-,-,-,-,-,-,-,-,-,-,-,-,-,-,-
,Paya Lebar North,-,-,-,-,-,-,-,-,-,-,-,-,-,-,-
,Paya Lebar West,-,-,-,-,-,-,-,-,-,-,-,-,-,-,-
,Plab,-,-,-,-,-,-,-,-,-,-,-,-,-,-,-
Pioneer,Total,-,-,-,-,-,-,-,-,-,-,-,-,-,-,-
,Benoi Sector,-,-,-,-,-,-,-,-,-,-,-,-,-,-,-
,Gul Basin,-,-,-,-,-,-,-,-,-,-,-,-,-,-,-
,Gul Circle,-,-,-,-,-,-,-,-,-,-,-,-,-,-,-
,Joo Koon,-,-,-,-,-,-,-,-,-,-,-,-,-,-,-
,Pioneer Sector,-,-,-,-,-,-,-,-,-,-,-,-,-,-,-
Punggol,Total,"49,760","5,060","3,950","2,640","1,870","1,840","4,110","7,470","5,910","4,250","2,740","2,430","2,260","1,960","3,260"
,Coney Island,-,-,-,-,-,-,-,-,-,-,-,-,-,-,-
,Matilda,"13,110","1,630",820,520,400,440,"1,600","2,580","1,320",880,570,540,530,530,760
,Northshore,130,-,10,10,10,10,10,-,10,10,10,10,10,10,20
,Punggol Canal,-,-,-,-,-,-,-,-,-,-,-,-,-,-,-
,Punggol Field,"22,240","1,570","1,970","1,560","1,080",980,"1,220","2,080","2,840","2,400","1,490","1,300","1,150",920,"1,690"
,Punggol Town Centre,"2,550",430,200,90,40,50,170,660,320,140,90,70,90,90,110
,Waterway East,"11,730","1,440",950,470,340,360,"1,110","2,150","1,420",800,580,500,480,430,700
Queenstown,Total,"52,210","2,170","2,240","2,190","2,430","2,860","3,250","3,920","4,180","4,190","3,990","3,690","3,590","3,390","10,120"
,Commonwealth,"4,390",140,160,170,170,190,230,330,310,350,330,310,320,290,"1,090"
,Dover,"6,950",330,400,360,400,440,410,510,580,590,570,490,450,400,"1,040"
,Ghim Moh,"6,360",260,280,250,300,310,420,420,460,480,460,410,410,410,"1,490"
,Holland Drive,"7,880",260,260,280,300,330,440,530,640,690,600,530,560,570,"1,900"
,Kent Ridge,580,10,30,30,20,40,60,50,40,60,60,40,50,40,50
,Margaret Drive,"5,210",320,230,210,200,220,330,520,550,410,370,340,300,350,860
,Mei Chin,"8,980",340,370,420,500,550,590,600,640,670,750,690,680,550,"1,630"
,National University Of S'pore,330,-,-,-,10,230,50,10,10,-,10,10,-,-,-
,One North,310,20,20,10,20,10,20,30,50,50,30,20,10,10,20
,Pasir Panjang 1,"2,040",110,100,120,120,120,140,170,180,190,160,170,150,110,210
,Pasir Panjang 2,"1,810",80,90,90,110,130,120,130,130,130,160,160,160,140,180
,Port,70,-,-,-,-,-,10,10,-,-,-,10,10,10,10
,Queensway,150,-,10,10,10,10,10,20,10,20,10,10,10,10,20
,Singapore Polytechnic,80,10,-,10,-,-,10,10,10,10,-,10,10,-,-
,Tanglin Halt,"7,090",300,300,250,270,290,420,590,570,540,490,490,480,500,"1,610"
River Valley,Total,"4,900",240,290,250,250,290,280,400,510,520,420,330,300,260,560
,Institution Hill,"1,730",110,110,80,80,110,110,170,220,190,140,90,90,90,140
,Leonie Hill,"1,320",60,80,90,70,70,70,110,140,160,120,100,80,60,110
,One Tree Hill,"1,020",40,50,50,70,60,50,70,80,90,90,90,70,60,170
,Oxley,750,40,50,30,20,50,50,50,70,70,60,50,50,50,130
,Paterson,90,-,10,-,-,-,-,10,10,20,10,10,10,-,10
Rochor,Total,"7,270",270,320,290,310,390,470,550,640,550,520,520,540,540,"1,360"
,Bencoolen,780,30,30,20,30,50,50,50,60,50,70,60,50,60,150
,Farrer Park,"1,540",70,90,60,80,70,100,150,150,110,100,100,120,100,250
,Kampong Glam,60,10,-,-,-,-,-,10,-,10,10,10,-,-,10
,Little India,"1,880",60,70,80,70,110,120,120,150,140,130,150,150,160,380
,Mackenzie,-,-,-,-,-,-,-,-,-,-,-,-,-,-,-
,Mount Emily,540,20,50,30,20,20,40,60,90,60,50,30,30,30,40
,Rochor Canal,-,-,-,-,-,-,-,-,-,-,-,-,-,-,-
,Selegie,120,-,10,-,-,10,10,10,20,10,10,10,10,10,20
,Sungei Road,"1,200",50,40,60,70,70,90,60,80,80,80,80,80,90,260
,Victoria,"1,120",20,30,30,40,60,70,90,90,80,70,90,110,100,250
Seletar,Total,160,10,10,10,10,10,-,10,10,30,20,20,20,-,20
,Pulau Punggol Barat,-,-,-,-,-,-,-,-,-,-,-,-,-,-,-
,Pulau Punggol Timor,-,-,-,-,-,-,-,-,-,-,-,-,-,-,-
,Seletar,150,10,10,10,10,10,-,10,10,30,20,20,10,-,10
,Seletar Aerospace Park,-,-,-,-,-,-,-,-,-,-,-,-,-,-,-
Sembawang,Total,"38,120","2,230","2,670","2,600","2,230","2,210","2,590","3,540","3,950","3,810","2,860","2,700","2,260","1,570","2,910"
,Admiralty,"6,720",430,530,450,330,350,500,600,780,640,480,430,350,290,560
,Sembawang Central,"15,020",800,980,"1,050",960,930,"1,020","1,330","1,460","1,570","1,160","1,150",920,580,"1,110"
,Sembawang East,50,-,-,-,-,-,-,-,10,10,10,-,-,-,20
,Sembawang North,"13,360",870,"1,010",880,720,720,920,"1,440","1,440","1,310",960,870,810,560,840
,Sembawang Springs,"2,150",90,110,160,160,130,110,110,190,210,190,160,130,100,300
,Sembawang Straits,820,40,40,50,60,70,40,40,60,70,70,90,50,30,90
,Senoko North,-,-,-,-,-,-,-,-,-,-,-,-,-,-,-
,Senoko South,-,-,-,-,-,-,-,-,-,-,-,-,-,-,-
,The Wharves,-,-,-,-,-,-,-,-,-,-,-,-,-,-,-
Sengkang,Total,"97,310","6,720","7,000","5,880","5,480","5,190","6,880","10,460","10,080","8,770","6,720","6,550","5,930","4,230","7,440"
,Anchorvale,"16,110","1,090","1,430","1,070",790,740,950,"1,550","2,050","1,700",990,"1,010",890,700,"1,150"
,Compassvale,"8,250",830,730,380,280,270,500,"1,310","1,330",640,420,370,380,270,550
,Fernvale,"14,950","1,600","1,130",680,490,600,"1,360","2,390","1,620",980,750,770,720,630,"1,240"
,Lorong Halus North,-,-,-,-,-,-,-,-,-,-,-,-,-,-,-
,Rivervale,"29,910","1,570","1,880","1,980","2,030","1,910","2,110","2,390","2,600","2,790","2,380","2,340","2,060","1,480","2,400"
,Sengkang Town Centre,"28,070","1,640","1,840","1,770","1,890","1,660","1,960","2,820","2,480","2,670","2,170","2,070","1,870","1,150","2,100"
,Sengkang West,-,-,-,-,-,-,-,-,-,-,-,-,-,-,-
Serangoon,Total,"62,960","2,050","2,650","3,160","3,830","4,620","4,490","3,980","4,030","4,740","4,870","5,530","5,560","4,460","8,990"
,Lorong Chuan,"4,390",150,230,270,320,350,230,200,280,390,400,410,340,230,610
,Seletar Hills,"6,670",200,300,370,490,510,420,370,390,500,540,580,570,460,970
,Serangoon Central,"13,990",460,480,640,710,970,"1,160",950,920,"1,040","1,010","1,280","1,340","1,060","1,990"
,Serangoon Garden,"20,740",680,840,930,"1,200","1,450","1,450","1,320","1,280","1,490","1,460","1,730","1,860","1,620","3,440"
,Serangoon North,"9,040",310,500,590,660,710,610,630,600,760,860,800,700,500,800
,Serangoon North Ind Estate,-,-,-,-,-,-,-,-,-,-,-,-,-,-,-
,Upper Paya Lebar,"8,130",240,310,370,450,640,630,510,550,570,600,740,750,600,"1,170"
Simpang,Total,-,-,-,-,-,-,-,-,-,-,-,-,-,-,-
,Pulau Seletar,-,-,-,-,-,-,-,-,-,-,-,-,-,-,-
,Simpang North,-,-,-,-,-,-,-,-,-,-,-,-,-,-,-
,Simpang South,-,-,-,-,-,-,-,-,-,-,-,-,-,-,-
,Tanjong Irau,-,-,-,-,-,-,-,-,-,-,-,-,-,-,-
Singapore River,Total,"1,340",100,80,70,50,50,80,180,170,180,100,80,80,40,80
,Boat Quay,70,10,-,-,-,-,-,10,10,-,10,10,10,10,10
,Clarke Quay,60,-,-,-,-,-,10,10,10,10,10,-,-,-,-
,Robertson Quay,"1,220",90,70,60,50,50,70,160,160,170,90,70,70,40,70
Southern Islands,Total,720,40,60,40,60,40,30,40,60,100,80,60,40,30,30
,Sentosa,720,40,60,40,60,40,30,40,60,100,80,60,40,30,30
,Southern Group,-,-,-,-,-,-,-,-,-,-,-,-,-,-,-
Straits View,Total,-,-,-,-,-,-,-,-,-,-,-,-,-,-,-
,Straits View,-,-,-,-,-,-,-,-,-,-,-,-,-,-,-
Sungei Kadut,Total,360,10,20,10,30,20,20,20,30,20,30,30,30,20,70
,Gali Batu,-,-,-,-,-,-,-,-,-,-,-,-,-,-,-
,Kranji,-,-,-,-,-,-,-,-,-,-,-,-,-,-,-
,Pang Sua,-,-,-,-,-,-,-,-,-,-,-,-,-,-,-
,Reservoir View,-,-,-,-,-,-,-,-,-,-,-,-,-,-,-
,Turf Club,330,10,10,10,20,20,20,20,20,20,30,30,30,20,70
Tampines,Total,"131,810","5,290","5,970","7,120","9,260","10,510","9,790","9,680","9,030","9,720","10,830","12,160","11,230","7,760","13,460"
,Simei,"22,390","1,000","1,120","1,230","1,460","1,700","1,540","1,870","1,740","1,840","1,760","2,040","1,690","1,210","2,190"
,Tampines East,"69,690","2,720","3,040","3,650","4,970","5,680","5,220","5,030","4,490","4,910","5,820","6,410","6,150","4,230","7,370"
,Tampines North,-,-,-,-,-,-,-,-,-,-,-,-,-,-,-
,Tampines West,"38,750","1,540","1,790","2,180","2,750","3,050","2,970","2,720","2,760","2,890","3,130","3,590","3,290","2,280","3,830"
,Xilin,980,40,30,60,80,80,60,60,50,70,110,120,100,40,80
Tanglin,Total,"9,910",490,690,590,550,520,490,640,900,"1,010",890,750,630,590,"1,170"
,Chatsworth,"2,950",150,180,150,150,130,150,250,330,350,240,210,170,160,320
,Nassim,"4,390",220,350,300,250,230,190,260,380,450,390,320,280,270,500
,Ridout,740,40,30,30,50,50,40,50,60,50,70,70,50,50,110
,Tyersall,"1,830",80,120,110,100,110,110,80,140,170,180,150,140,120,240
Tengah,Total,-,-,-,-,-,-,-,-,-,-,-,-,-,-,-
,Tengah,-,-,-,-,-,-,-,-,-,-,-,-,-,-,-
Toa Payoh,Total,"65,950","2,510","2,780","2,920","3,270","3,680","4,080","4,760","4,960","5,400","4,890","5,090","4,950","4,350","12,320"
,Bidadari,-,-,-,-,-,-,-,-,-,-,-,-,-,-,-
,Boon Teck,"7,940",260,340,370,400,470,450,480,500,570,570,640,590,500,"1,800"
,Braddell,"5,690",200,260,250,320,360,350,360,410,460,450,440,410,390,"1,030"
,Joo Seng,"3,390",110,150,140,150,210,210,250,260,270,250,270,280,250,610
,Kim Keat,"4,470",140,180,170,240,300,330,310,310,340,330,370,380,270,800
,Lorong 8 Toa Payoh,"4,360",130,160,190,220,280,240,290,300,360,310,380,330,300,870
,Pei Chun,"6,210",220,280,340,300,300,350,380,470,580,510,450,430,390,"1,220"
,Potong Pasir,"6,560",240,200,250,260,360,470,470,510,530,480,490,650,580,"1,070"
,Sennett,"2,300",60,80,120,130,160,150,120,100,150,140,200,220,170,490
,Toa Payoh Central,"16,430",890,820,760,850,820,"1,020","1,490","1,440","1,430","1,200","1,180","1,030",900,"2,610"
,Toa Payoh West,"7,370",200,240,260,320,340,410,520,540,590,560,570,560,530,"1,740"
,Woodleigh,"1,240",50,80,70,80,90,100,90,120,120,90,100,90,70,90
Tuas,Total,-,-,-,-,-,-,-,-,-,-,-,-,-,-,-
,Tengeh,-,-,-,-,-,-,-,-,-,-,-,-,-,-,-
,Tuas Bay,-,-,-,-,-,-,-,-,-,-,-,-,-,-,-
,Tuas North,-,-,-,-,-,-,-,-,-,-,-,-,-,-,-
,Tuas Promenade,-,-,-,-,-,-,-,-,-,-,-,-,-,-,-
,Tuas View,-,-,-,-,-,-,-,-,-,-,-,-,-,-,-
,Tuas View Extension,-,-,-,-,-,-,-,-,-,-,-,-,-,-,-
Western Islands,Total,-,-,-,-,-,-,-,-,-,-,-,-,-,-,-
,Jurong Island And Bukom,-,-,-,-,-,-,-,-,-,-,-,-,-,-,-
,Semakau,-,-,-,-,-,-,-,-,-,-,-,-,-,-,-
,Sudong,-,-,-,-,-,-,-,-,-,-,-,-,-,-,-
Western Water Catchment,Total,550,20,30,30,20,150,40,20,50,50,30,30,20,10,50
,Western Water Catchment,550,20,30,30,20,150,40,20,50,50,30,30,20,10,50
Woodlands,Total,"124,260","5,940","7,290","8,800","10,290","9,380","9,040","9,660","9,880","11,310","11,120","9,760","7,610","5,210","8,990"
,Greenwood Park,-,-,-,-,-,-,-,-,-,-,-,-,-,-,-
,Midview,"17,880",750,980,"1,420","1,750","1,510","1,360","1,210","1,160","1,630","1,840","1,400","1,010",670,"1,210"
,North Coast,"7,370",270,310,370,520,600,560,510,480,540,630,620,560,500,910
,Senoko West,-,-,-,-,-,-,-,-,-,-,-,-,-,-,-
,Woodgrove,"17,870",660,900,"1,280","1,780","1,570","1,220","1,140","1,190","1,570","1,890","1,480","1,200",730,"1,270"
,Woodlands East,"47,210","2,450","3,140","3,550","3,740","3,220","3,390","3,920","4,400","4,770","4,000","3,560","2,610","1,700","2,770"
,Woodlands Regional Centre,-,-,-,-,-,-,-,-,-,-,-,-,-,-,-
,Woodlands South,"18,080","1,140","1,240","1,330","1,330","1,140","1,360","1,740","1,640","1,660","1,360","1,260",980,740,"1,150"
,Woodlands West,"15,830",670,710,860,"1,180","1,340","1,160","1,140","1,000","1,140","1,390","1,440","1,250",880,"1,680"
Yishun,Total,"97,270","4,380","4,740","5,080","5,850","7,440","8,030","7,800","7,380","7,360","7,770","8,610","7,710","5,610","9,510"
,Khatib,"5,740",190,230,260,360,480,490,410,380,430,480,580,470,400,570
,Lower Seletar,600,40,40,60,60,40,20,30,40,70,50,50,20,20,50
,Nee Soon,450,20,20,20,20,40,30,30,40,40,40,40,30,20,60
,Northland,"15,730",620,740,850,"1,000","1,250","1,270","1,200","1,220","1,190","1,290","1,450","1,270",900,"1,480"
,Springleaf,"1,960",90,80,110,140,170,120,110,120,150,150,160,160,140,270
,Yishun Central,770,30,30,30,50,80,70,60,40,40,80,70,70,50,80
,Yishun East,"22,360","1,500","1,290","1,250","1,340","1,680","2,020","2,300","1,800","1,610","1,730","1,750","1,470","1,020","1,600"
,Yishun South,"20,260",770,920,"1,030","1,180","1,660","1,620","1,460","1,500","1,570","1,610","1,890","1,730","1,220","2,100"
,Yishun West,"29,390","1,120","1,400","1,470","1,700","2,040","2,400","2,200","2,230","2,250","2,330","2,620","2,480","1,840","3,300"
,,,,,,,,,,,,,,,,
,,,,,,,,,,,,,,,,
Notes:  1) Planning areas refer to areas demarcated in the Urban Redevelopment Authority's Master Plan 2014.       ,,,,,,,,,,,,,,,,
               2) Data from 2003 onwards exclude residents who have been away from Singapore for a continuous period of 12 months or longer as at the reference period.   ,,,,,,,,,,,,,,,,
"               3) ""-"" Nil or negligble.   ",,,,,,,,,,,,,,,,
               4) The figures have been rounded to the nearest 10. ,,,,,,,,,,,,,,,,
               5) The data may not add up due to rounding.,,,,,,,,,,,,,,,,